0.37883;-0.01779;0.00
0.38528;-0.01777;0.00
0.38529;-0.00987;0.00
0.37889;-0.00987;0.00
0.37122;-0.01932;0.00
0.37672;-0.02885;0.00
0.3871;-0.02878;0.00
0.39273;-0.01931;0.00
0.39276;-0.00824;0.00
0.38717;0.00113;0.00
0.37689;0.00114;0.00
0.37131;-0.00824;0.00
0.36545;-0.01927;0.00
0.36878;-0.02974;0.00
0.37639;-0.03752;0.00
0.38702;-0.03736;0.00
0.39472;-0.02964;0.00
0.39831;-0.01926;0.00
0.39836;-0.00829;0.00
0.39484;0.00205;0.00
0.38717;0.00969;0.00
0.3766;0.00976;0.00
0.36898;0.00208;0.00
0.36553;-0.00829;0.00
0.35969;-0.01926;0.00
0.36208;-0.02999;0.00
0.36732;-0.03964;0.00
0.37606;-0.04613;0.00
0.38684;-0.04591;0.00
0.39559;-0.03939;0.00
0.40115;-0.02992;0.00
0.40384;-0.01926;0.00
0.40389;-0.00829;0.00
0.4013;0.00233;0.00
0.39579;0.01175;0.00
0.38704;0.01815;0.00
0.37632;0.01827;0.00
0.36759;0.01187;0.00
0.36226;0.00235;0.00
0.35976;-0.00829;0.00
0.3539;-0.01926;0.00
0.35576;-0.03009;0.00
0.35976;-0.04032;0.00
0.36628;-0.04913;0.00
0.37571;-0.0546;0.00
0.38655;-0.05433;0.00
0.39592;-0.04871;0.00
0.40271;-0.04009;0.00
0.4071;-0.03002;0.00
0.40928;-0.01925;0.00
0.40933;-0.00829;0.00
0.40727;0.00244;0.00
0.40295;0.01247;0.00
0.39618;0.02101;0.00
0.38681;0.0265;0.00
0.37602;0.02668;0.00
0.36663;0.02127;0.00
0.36004;0.01258;0.00
0.35594;0.00246;0.00
0.35398;-0.00829;0.00
0.34805;-0.01926;0.00
0.34957;-0.03017;0.00
0.35277;-0.04071;0.00
0.35793;-0.05042;0.00
0.36542;-0.05845;0.00
0.37529;-0.06315;0.00
0.38619;-0.06282;0.00
0.39595;-0.05784;0.00
0.40362;-0.04997;0.00
0.40921;-0.04049;0.00
0.41288;-0.03011;0.00
0.41472;-0.01926;0.00
0.41478;-0.00828;0.00
0.41306;0.00253;0.00
0.40949;0.01287;0.00
0.40394;0.02229;0.00
0.39627;0.03007;0.00
0.38651;0.03489;0.00
0.37566;0.03512;0.00
0.36582;0.03048;0.00
0.3583;0.02257;0.00
0.35306;0.01297;0.00
0.34974;0.00254;0.00
0.34812;-0.00828;0.00
0.34212;-0.01928;0.00
0.34339;-0.03025;0.00
0.34608;-0.04096;0.00
0.35033;-0.05114;0.00
0.35642;-0.06033;0.00
0.36462;-0.06769;0.00
0.3748;-0.07177;0.00
0.38576;-0.07139;0.00
0.39579;-0.06689;0.00
0.40409;-0.05963;0.00
0.41059;-0.05072;0.00
0.41537;-0.04077;0.00
0.41855;-0.0302;0.00
0.42015;-0.01928;0.00
0.42022;-0.00827;0.00
0.41874;0.0026;0.00
0.41567;0.01313;0.00
0.41095;0.02304;0.00
0.40447;0.03188;0.00
0.39616;0.039;0.00
0.38613;0.04334;0.00
0.37523;0.04362;0.00
0.36509;0.03958;0.00
0.35687;0.03236;0.00
0.3507;0.0233;0.00
0.34636;0.01323;0.00
0.34357;0.00262;0.00
0.34218;-0.00827;0.00
0.33615;-0.01929;0.00
0.33725;-0.03031;0.00
0.33955;-0.04113;0.00
0.34316;-0.05159;0.00
0.34828;-0.0614;0.00
0.35509;-0.0701;0.00
0.36384;-0.07682;0.00
0.37425;-0.0804;0.00
0.38525;-0.07996;0.00
0.39548;-0.07584;0.00
0.40425;-0.06911;0.00
0.41142;-0.0607;0.00
0.41708;-0.05119;0.00
0.42129;-0.04096;0.00
0.42411;-0.03026;0.00
0.42555;-0.01929;0.00
0.42562;-0.00826;0.00
0.42432;0.00266;0.00
0.42161;0.01331;0.00
0.41749;0.0235;0.00
0.41186;0.03294;0.00
0.40468;0.04125;0.00
0.3959;0.04784;0.00
0.38567;0.05178;0.00
0.37474;0.05212;0.00
0.36438;0.04858;0.00
0.35562;0.04198;0.00
0.34874;0.03343;0.00
0.34353;0.02375;0.00
0.33982;0.0134;0.00
0.33742;0.00267;0.00
0.33621;-0.00826;0.00
0.33016;-0.0193;0.00
0.33111;-0.03035;0.00
0.33312;-0.04126;0.00
0.33626;-0.0519;0.00
0.34064;-0.06208;0.00
0.34645;-0.07152;0.00
0.35389;-0.07973;0.00
0.36306;-0.08591;0.00
0.37364;-0.08908;0.00
0.38467;-0.08858;0.00
0.39504;-0.08473;0.00
0.40415;-0.07844;0.00
0.41188;-0.07049;0.00
0.41822;-0.0614;0.00
0.42327;-0.05153;0.00
0.42705;-0.04111;0.00
0.42959;-0.03031;0.00
0.4309;-0.0193;0.00
0.43097;-0.00825;0.00
0.42981;0.0027;0.00
0.42739;0.01344;0.00
0.42371;0.02382;0.00
0.41871;0.03364;0.00
0.41238;0.04264;0.00
0.40464;0.05046;0.00
0.3955;0.05657;0.00
0.38514;0.06023;0.00
0.37418;0.06062;0.00
0.36366;0.0575;0.00
0.35449;0.05145;0.00
0.347;0.0434;0.00
0.3411;0.03411;0.00
0.33662;0.02405;0.00
0.33339;0.01352;0.00
0.33128;0.00271;0.00
0.33021;-0.00825;0.00
0.32412;-0.01931;0.00
0.32497;-0.03039;0.00
0.32675;-0.04136;0.00
0.32952;-0.05212;0.00
0.33336;-0.06255;0.00
0.33839;-0.07245;0.00
0.34481;-0.08151;0.00
0.35274;-0.08927;0.00
0.36225;-0.09497;0.00
0.37296;-0.09777;0.00
0.38402;-0.09722;0.00
0.3945;-0.09361;0.00
0.40388;-0.08768;0.00
0.41202;-0.08012;0.00
0.41893;-0.07143;0.00
0.42465;-0.06191;0.00
0.42922;-0.05178;0.00
0.43267;-0.04122;0.00
0.43499;-0.03036;0.00
0.4362;-0.01931;0.00
0.43627;-0.00824;0.00
0.43522;0.00274;0.00
0.43303;0.01354;0.00
0.42969;0.02406;0.00
0.42519;0.03412;0.00
0.4195;0.04356;0.00
0.41258;0.05215;0.00
0.4044;0.05953;0.00
0.395;0.06527;0.00
0.38454;0.06869;0.00
0.37356;0.06914;0.00
0.36292;0.06637;0.00
0.35342;0.06081;0.00
0.34544;0.05323;0.00
0.33894;0.04432;0.00
0.33381;0.03457;0.00
0.32987;0.02427;0.00
0.32701;0.01361;0.00
0.32513;0.00275;0.00
0.32418;-0.00824;0.00
0.31807;-0.01932;0.00
0.31883;-0.03043;0.00
0.32042;-0.04144;0.00
0.32289;-0.0523;0.00
0.32629;-0.06289;0.00
0.33074;-0.07309;0.00
0.33635;-0.0827;0.00
0.34326;-0.09141;0.00
0.35163;-0.09874;0.00
0.3614;-0.104;0.00
0.37221;-0.1065;0.00
0.3833;-0.10589;0.00
0.39386;-0.10245;0.00
0.40345;-0.09684;0.00
0.41193;-0.08964;0.00
0.41928;-0.08129;0.00
0.42557;-0.07211;0.00
0.43079;-0.06228;0.00
0.435;-0.05198;0.00
0.43817;-0.04131;0.00
0.44033;-0.03039;0.00
0.44145;-0.01932;0.00
0.44152;-0.00824;0.00
0.44056;0.00276;0.00
0.43855;0.01362;0.00
0.43549;0.02423;0.00
0.43137;0.03447;0.00
0.42619;0.04422;0.00
0.41992;0.0533;0.00
0.41253;0.0615;0.00
0.40402;0.06852;0.00
0.39441;0.07393;0.00
0.38387;0.07716;0.00
0.37287;0.07766;0.00
0.36214;0.0752;0.00
0.35238;0.07009;0.00
0.34398;0.06294;0.00
0.33698;0.05441;0.00
0.33128;0.04496;0.00
0.32673;0.0349;0.00
0.32323;0.02443;0.00
0.32067;0.01369;0.00
0.31898;0.00277;0.00
0.31812;-0.00824;0.00
0.31198;-0.01933;0.00
0.31266;-0.03046;0.00
0.31411;-0.04151;0.00
0.31633;-0.05244;0.00
0.3194;-0.06315;0.00
0.32336;-0.07357;0.00
0.32834;-0.08355;0.00
0.33444;-0.09287;0.00
0.3418;-0.10123;0.00
0.35051;-0.10816;0.00
0.36051;-0.11304;0.00
0.3714;-0.11527;0.00
0.3825;-0.11461;0.00
0.39313;-0.11131;0.00
0.40289;-0.10595;0.00
0.41164;-0.09906;0.00
0.41938;-0.09104;0.00
0.42611;-0.08215;0.00
0.43189;-0.07263;0.00
0.43672;-0.06258;0.00
0.44063;-0.05214;0.00
0.44358;-0.04139;0.00
0.44559;-0.03043;0.00
0.44664;-0.01933;0.00
0.44672;-0.00823;0.00
0.44583;0.00279;0.00
0.44397;0.01368;0.00
0.44115;0.02437;0.00
0.43734;0.03474;0.00
0.43257;0.04471;0.00
0.42681;0.05414;0.00
0.42006;0.06289;0.00
0.4123;0.07075;0.00
0.4035;0.07742;0.00
0.39372;0.08255;0.00
0.38313;0.08564;0.00
0.37211;0.0862;0.00
0.36131;0.08401;0.00
0.35134;0.07928;0.00
0.34258;0.07255;0.00
0.33515;0.06438;0.00
0.32895;0.05524;0.00
0.32388;0.04542;0.00
0.31982;0.03514;0.00
0.31666;0.02455;0.00
0.31435;0.01374;0.00
0.31281;0.0028;0.00
0.31203;-0.00823;0.00
0.30587;-0.01934;0.00
0.3065;-0.03049;0.00
0.30781;-0.04157;0.00
0.30983;-0.05255;0.00
0.3126;-0.06337;0.00
0.31618;-0.07394;0.00
0.32065;-0.08417;0.00
0.32608;-0.09392;0.00
0.33263;-0.10296;0.00
0.34036;-0.11099;0.00
0.34938;-0.11755;0.00
0.35956;-0.12208;0.00
0.37052;-0.12407;0.00
0.38164;-0.12335;0.00
0.39232;-0.12017;0.00
0.40222;-0.11504;0.00
0.41119;-0.10841;0.00
0.41923;-0.10066;0.00
0.42636;-0.09208;0.00
0.43259;-0.08281;0.00
0.43796;-0.07303;0.00
0.44247;-0.06282;0.00
0.44612;-0.05227;0.00
0.44889;-0.04146;0.00
0.45079;-0.03046;0.00
0.45178;-0.01934;0.00
0.45186;-0.00823;0.00
0.45103;0.00281;0.00
0.4493;0.01373;0.00
0.44667;0.02447;0.00
0.44313;0.03495;0.00
0.43869;0.04509;0.00
0.43335;0.05477;0.00
0.42711;0.06391;0.00
0.41996;0.07234;0.00
0.41187;0.07988;0.00
0.40285;0.08627;0.00
0.39295;0.09118;0.00
0.38231;0.09414;0.00
0.37128;0.09476;0.00
0.36042;0.0928;0.00
0.35028;0.08843;0.00
0.34124;0.08208;0.00
0.33342;0.07426;0.00
0.32679;0.06542;0.00
0.32125;0.05584;0.00
0.31669;0.04577;0.00
0.31302;0.03533;0.00
0.31015;0.02465;0.00
0.30804;0.01379;0.00
0.30664;0.00281;0.00
0.30592;-0.00823;0.00
0.29974;-0.01935;0.00
0.30031;-0.03051;0.00
0.30151;-0.04163;0.00
0.30336;-0.05265;0.00
0.3059;-0.06354;0.00
0.30915;-0.07423;0.00
0.31319;-0.08466;0.00
0.3181;-0.0947;0.00
0.32396;-0.10422;0.00
0.33087;-0.11299;0.00
0.33895;-0.12071;0.00
0.34823;-0.12692;0.00
0.35855;-0.13115;0.00
0.36957;-0.13293;0.00
0.3807;-0.13215;0.00
0.39142;-0.12906;0.00
0.40143;-0.1241;0.00
0.4106;-0.11771;0.00
0.41889;-0.11022;0.00
0.42633;-0.10188;0.00
0.43297;-0.09289;0.00
0.43878;-0.08334;0.00
0.44383;-0.07336;0.00
0.44806;-0.06302;0.00
0.4515;-0.05238;0.00
0.45413;-0.04152;0.00
0.45592;-0.03048;0.00
0.45686;-0.01934;0.00
0.45694;-0.00822;0.00
0.45617;0.00282;0.00
0.45455;0.01377;0.00
0.45208;0.02456;0.00
0.44875;0.03512;0.00
0.4446;0.04538;0.00
0.43962;0.05526;0.00
0.4338;0.06468;0.00
0.42716;0.07353;0.00
0.41966;0.08167;0.00
0.41132;0.08894;0.00
0.40211;0.09509;0.00
0.3921;0.09978;0.00
0.38142;0.10265;0.00
0.37039;0.10332;0.00
0.35948;0.10158;0.00
0.3492;0.09753;0.00
0.3399;0.09154;0.00
0.33176;0.08405;0.00
0.32474;0.0755;0.00
0.31878;0.06617;0.00
0.31378;0.0563;0.00
0.30964;0.04603;0.00
0.3063;0.03548;0.00
0.30368;0.02472;0.00
0.30174;0.01382;0.00
0.30045;0.00283;0.00
0.29979;-0.00822;0.00
0.29358;-0.01935;0.00
0.29411;-0.03054;0.00
0.29522;-0.04168;0.00
0.29692;-0.05274;0.00
0.29925;-0.06369;0.00
0.30223;-0.07448;0.00
0.30593;-0.08504;0.00
0.31037;-0.09532;0.00
0.31568;-0.10517;0.00
0.3219;-0.11447;0.00
0.32917;-0.12298;0.00
0.33754;-0.1304;0.00
0.34703;-0.1363;0.00
0.35749;-0.14024;0.00
0.36855;-0.14183;0.00
0.37969;-0.141;0.00
0.39046;-0.13798;0.00
0.40056;-0.13318;0.00
0.40987;-0.12698;0.00
0.41838;-0.11971;0.00
0.4261;-0.11161;0.00
0.43305;-0.10284;0.00
0.43928;-0.09354;0.00
0.44475;-0.08377;0.00
0.44951;-0.07364;0.00
0.45352;-0.06319;0.00
0.45678;-0.05249;0.00
0.45927;-0.04157;0.00
0.46098;-0.03051;0.00
0.46188;-0.01935;0.00
0.46196;-0.00822;0.00
0.46124;0.00284;0.00
0.45971;0.01381;0.00
0.45738;0.02464;0.00
0.45425;0.03526;0.00
0.45033;0.04562;0.00
0.44564;0.05566;0.00
0.44018;0.06529;0.00
0.43396;0.07446;0.00
0.42696;0.08304;0.00
0.41919;0.09093;0.00
0.41062;0.09794;0.00
0.40126;0.10386;0.00
0.39117;0.1084;0.00
0.38046;0.1112;0.00
0.36942;0.11193;0.00
0.35848;0.11037;0.00
0.34808;0.10661;0.00
0.33857;0.10094;0.00
0.33013;0.09378;0.00
0.32278;0.08551;0.00
0.31644;0.07642;0.00
0.31103;0.06676;0.00
0.30649;0.05666;0.00
0.3027;0.04625;0.00
0.29963;0.0356;0.00
0.29722;0.02479;0.00
0.29544;0.01386;0.00
0.29425;0.00284;0.00
0.29363;-0.00822;0.00
0.28741;-0.01936;0.00
0.2879;-0.03056;0.00
0.28892;-0.04172;0.00
0.2905;-0.05282;0.00
0.29265;-0.06382;0.00
0.2954;-0.07468;0.00
0.29879;-0.08537;0.00
0.30286;-0.09581;0.00
0.30769;-0.10592;0.00
0.31334;-0.1156;0.00
0.31991;-0.12467;0.00
0.32747;-0.13294;0.00
0.33611;-0.14007;0.00
0.34579;-0.14568;0.00
0.35636;-0.14937;0.00
0.36746;-0.15079;0.00
0.37862;-0.1499;0.00
0.38941;-0.14693;0.00
0.39959;-0.14226;0.00
0.40903;-0.13624;0.00
0.41772;-0.12916;0.00
0.42567;-0.12127;0.00
0.43292;-0.11272;0.00
0.43946;-0.10361;0.00
0.44533;-0.09407;0.00
0.45052;-0.08413;0.00
0.45504;-0.07388;0.00
0.45886;-0.06334;0.00
0.46196;-0.05257;0.00
0.46434;-0.04162;0.00
0.46597;-0.03053;0.00
0.46684;-0.01936;0.00
0.46693;-0.00821;0.00
0.46625;0.00285;0.00
0.46479;0.01384;0.00
0.46258;0.0247;0.00
0.45961;0.03537;0.00
0.45591;0.04582;0.00
0.45146;0.05597;0.00
0.44631;0.06579;0.00
0.44044;0.07519;0.00
0.43386;0.0841;0.00
0.42658;0.09246;0.00
0.41855;0.1001;0.00
0.4098;0.1069;0.00
0.40033;0.11263;0.00
0.39016;0.11703;0.00
0.37943;0.11977;0.00
0.36839;0.12055;0.00
0.35741;0.11917;0.00
0.34691;0.11567;0.00
0.33722;0.11031;0.00
0.32853;0.10345;0.00
0.32087;0.09545;0.00
0.31419;0.0866;0.00
0.30843;0.07714;0.00
0.3035;0.06721;0.00
0.29933;0.05694;0.00
0.29585;0.04642;0.00
0.29302;0.0357;0.00
0.29079;0.02484;0.00
0.28914;0.01388;0.00
0.28803;0.00285;0.00
0.28746;-0.00821;0.00
0.28122;-0.01937;0.00
0.28167;-0.03058;0.00
0.28262;-0.04176;0.00
0.28409;-0.05289;0.00
0.28608;-0.06393;0.00
0.28863;-0.07486;0.00
0.29177;-0.08564;0.00
0.29551;-0.09622;0.00
0.29995;-0.10653;0.00
0.30511;-0.11649;0.00
0.31109;-0.12598;0.00
0.31795;-0.13485;0.00
0.32579;-0.14288;0.00
0.33466;-0.14974;0.00
0.3445;-0.1551;0.00
0.35517;-0.15854;0.00
0.3663;-0.15981;0.00
0.37747;-0.15886;0.00
0.38829;-0.15594;0.00
0.39853;-0.15137;0.00
0.40808;-0.14549;0.00
0.41693;-0.13859;0.00
0.42508;-0.13088;0.00
0.43256;-0.12251;0.00
0.4394;-0.11362;0.00
0.44559;-0.10426;0.00
0.45117;-0.09452;0.00
0.45611;-0.08445;0.00
0.46042;-0.07409;0.00
0.46407;-0.06347;0.00
0.46705;-0.05266;0.00
0.46933;-0.04167;0.00
0.4709;-0.03056;0.00
0.47174;-0.01937;0.00
0.47183;-0.00821;0.00
0.47118;0.00286;0.00
0.4698;0.01386;0.00
0.46769;0.02475;0.00
0.46486;0.03547;0.00
0.46133;0.04598;0.00
0.45711;0.05623;0.00
0.45222;0.06618;0.00
0.44665;0.07578;0.00
0.44043;0.08496;0.00
0.43356;0.09366;0.00
0.42601;0.10177;0.00
0.41779;0.10922;0.00
0.40888;0.11582;0.00
0.3993;0.12138;0.00
0.38907;0.12566;0.00
0.37833;0.12836;0.00
0.36728;0.1292;0.00
0.35628;0.12798;0.00
0.34569;0.12472;0.00
0.33585;0.11964;0.00
0.32693;0.11307;0.00
0.319;0.10532;0.00
0.31201;0.09672;0.00
0.30593;0.08745;0.00
0.30065;0.07769;0.00
0.29612;0.06757;0.00
0.29228;0.05717;0.00
0.28907;0.04656;0.00
0.28644;0.03578;0.00
0.28437;0.02489;0.00
0.28283;0.01391;0.00
0.2818;0.00286;0.00
0.28126;-0.00821;0.00
0.27501;-0.01938;0.00
0.27543;-0.0306;0.00
0.27632;-0.0418;0.00
0.27769;-0.05296;0.00
0.27955;-0.06404;0.00
0.28192;-0.07502;0.00
0.28482;-0.08588;0.00
0.2883;-0.09656;0.00
0.29239;-0.10703;0.00
0.29713;-0.11721;0.00
0.30261;-0.12702;0.00
0.30887;-0.13634;0.00
0.31602;-0.14501;0.00
0.3241;-0.15281;0.00
0.33316;-0.15943;0.00
0.34316;-0.16453;0.00
0.35391;-0.16776;0.00
0.36507;-0.16888;0.00
0.37625;-0.16788;0.00
0.3871;-0.16499;0.00
0.39739;-0.16051;0.00
0.40704;-0.15476;0.00
0.41601;-0.148;0.00
0.42433;-0.14045;0.00
0.43202;-0.13226;0.00
0.43909;-0.12353;0.00
0.44559;-0.11437;0.00
0.45148;-0.1048;0.00
0.45682;-0.09491;0.00
0.46154;-0.08472;0.00
0.46567;-0.07427;0.00
0.46918;-0.0636;0.00
0.47205;-0.05273;0.00
0.47424;-0.04171;0.00
0.47576;-0.03058;0.00
0.47656;-0.01937;0.00
0.47666;-0.00821;0.00
0.47604;0.00287;0.00
0.47472;0.01388;0.00
0.47271;0.02479;0.00
0.47;0.03555;0.00
0.46663;0.04612;0.00
0.4626;0.05645;0.00
0.45793;0.06652;0.00
0.45263;0.07626;0.00
0.44671;0.08565;0.00
0.44019;0.09463;0.00
0.43304;0.10311;0.00
0.42529;0.11104;0.00
0.41689;0.11829;0.00
0.40785;0.12471;0.00
0.39818;0.13014;0.00
0.38791;0.13433;0.00
0.37716;0.137;0.00
0.36611;0.13788;0.00
0.35508;0.13681;0.00
0.34442;0.13378;0.00
0.33444;0.12895;0.00
0.32533;0.12265;0.00
0.31714;0.11516;0.00
0.30989;0.10677;0.00
0.3035;0.0977;0.00
0.29791;0.08812;0.00
0.29307;0.07814;0.00
0.28888;0.06787;0.00
0.28532;0.05736;0.00
0.28233;0.04668;0.00
0.2799;0.03585;0.00
0.27796;0.02493;0.00
0.27653;0.01393;0.00
0.27556;0.00287;0.00
0.27506;-0.00821;0.00
0.26879;-0.01938;0.00
0.26918;-0.03063;0.00
0.27002;-0.04184;0.00
0.2713;-0.05302;0.00
0.27304;-0.06414;0.00
0.27525;-0.07517;0.00
0.27796;-0.08609;0.00
0.28119;-0.09686;0.00
0.28498;-0.10745;0.00
0.28937;-0.11781;0.00
0.29441;-0.12787;0.00
0.30016;-0.13754;0.00
0.3067;-0.14668;0.00
0.31408;-0.15517;0.00
0.32239;-0.16274;0.00
0.33164;-0.16913;0.00
0.34177;-0.17401;0.00
0.35258;-0.17704;0.00
0.36378;-0.17803;0.00
0.37496;-0.17698;0.00
0.38583;-0.17411;0.00
0.39617;-0.16969;0.00
0.40589;-0.16405;0.00
0.41498;-0.15743;0.00
0.42344;-0.15001;0.00
0.43131;-0.14197;0.00
0.4386;-0.13341;0.00
0.44533;-0.12439;0.00
0.45153;-0.115;0.00
0.45717;-0.10527;0.00
0.46228;-0.09525;0.00
0.46683;-0.08496;0.00
0.47081;-0.07444;0.00
0.47419;-0.06371;0.00
0.47695;-0.0528;0.00
0.47907;-0.04176;0.00
0.48054;-0.0306;0.00
0.48132;-0.01938;0.00
0.48142;-0.00821;0.00
0.48083;0.00288;0.00
0.47957;0.0139;0.00
0.47764;0.02483;0.00
0.47504;0.03562;0.00
0.47181;0.04624;0.00
0.46794;0.05664;0.00
0.46346;0.0668;0.00
0.45839;0.07667;0.00
0.45274;0.08622;0.00
0.44653;0.09542;0.00
0.43973;0.10419;0.00
0.43237;0.1125;0.00
0.42442;0.12024;0.00
0.41588;0.12732;0.00
0.40673;0.13361;0.00
0.39699;0.13891;0.00
0.38668;0.14301;0.00
0.37591;0.14565;0.00
0.36486;0.14659;0.00
0.35381;0.14566;0.00
0.34309;0.14283;0.00
0.33299;0.13826;0.00
0.3237;0.1322;0.00
0.31531;0.12495;0.00
0.3078;0.11679;0.00
0.30114;0.10791;0.00
0.29526;0.09849;0.00
0.29011;0.08866;0.00
0.28562;0.07851;0.00
0.28174;0.06811;0.00
0.27844;0.05752;0.00
0.27565;0.04678;0.00
0.27337;0.03591;0.00
0.27156;0.02496;0.00
0.27021;0.01394;0.00
0.26931;0.00288;0.00
0.26883;-0.00821;0.00
0.26256;-0.01939;0.00
0.26293;-0.03065;0.00
0.26371;-0.04188;0.00
0.26491;-0.05308;0.00
0.26654;-0.06423;0.00
0.26861;-0.0753;0.00
0.27115;-0.08628;0.00
0.27417;-0.09713;0.00
0.2777;-0.10783;0.00
0.28177;-0.11833;0.00
0.28644;-0.12858;0.00
0.29175;-0.13851;0.00
0.29776;-0.14803;0.00
0.30454;-0.15702;0.00
0.31215;-0.16532;0.00
0.32066;-0.17269;0.00
0.33007;-0.17887;0.00
0.34031;-0.18354;0.00
0.35119;-0.18639;0.00
0.36241;-0.18725;0.00
0.3736;-0.18615;0.00
0.38449;-0.18329;0.00
0.39487;-0.17893;0.00
0.40466;-0.17337;0.00
0.41384;-0.16685;0.00
0.42243;-0.15957;0.00
0.43045;-0.15166;0.00
0.43792;-0.14323;0.00
0.44487;-0.13437;0.00
0.4513;-0.12512;0.00
0.45725;-0.11556;0.00
0.46267;-0.10568;0.00
0.46759;-0.09555;0.00
0.47198;-0.08518;0.00
0.47582;-0.07459;0.00
0.47909;-0.06381;0.00
0.48177;-0.05287;0.00
0.48383;-0.0418;0.00
0.48525;-0.03062;0.00
0.48602;-0.01939;0.00
0.48611;-0.00821;0.00
0.48555;0.00288;0.00
0.48434;0.01392;0.00
0.48248;0.02487;0.00
0.47997;0.03568;0.00
0.47686;0.04634;0.00
0.47314;0.0568;0.00
0.46884;0.06704;0.00
0.46397;0.07701;0.00
0.45855;0.08671;0.00
0.4526;0.09608;0.00
0.44611;0.10508;0.00
0.43909;0.11369;0.00
0.43153;0.12182;0.00
0.42342;0.1294;0.00
0.41476;0.13634;0.00
0.40551;0.14249;0.00
0.39571;0.14769;0.00
0.38537;0.15173;0.00
0.37459;0.15436;0.00
0.36354;0.15535;0.00
0.35248;0.15455;0.00
0.34171;0.15191;0.00
0.3315;0.14755;0.00
0.32206;0.14174;0.00
0.31346;0.13472;0.00
0.30573;0.12675;0.00
0.29881;0.11807;0.00
0.29268;0.10882;0.00
0.28725;0.09913;0.00
0.28248;0.08911;0.00
0.27831;0.07882;0.00
0.2747;0.06832;0.00
0.27161;0.05766;0.00
0.269;0.04686;0.00
0.26687;0.03597;0.00
0.26517;0.02499;0.00
0.2639;0.01396;0.00
0.26305;0.00289;0.00
0.2626;-0.00821;0.00
0.25632;-0.0194;0.00
0.25667;-0.03067;0.00
0.2574;-0.04192;0.00
0.25853;-0.05315;0.00
0.26007;-0.06432;0.00
0.26202;-0.07543;0.00
0.26439;-0.08645;0.00
0.26722;-0.09737;0.00
0.27052;-0.10816;0.00
0.27432;-0.11877;0.00
0.27866;-0.12918;0.00
0.28358;-0.13933;0.00
0.28914;-0.14914;0.00
0.29538;-0.15853;0.00
0.30239;-0.16736;0.00
0.31021;-0.17549;0.00
0.31889;-0.18267;0.00
0.32844;-0.18865;0.00
0.33879;-0.19312;0.00
0.34973;-0.19581;0.00
0.36097;-0.19656;0.00
0.37218;-0.19541;0.00
0.38307;-0.19254;0.00
0.39349;-0.18823;0.00
0.40334;-0.18275;0.00
0.41261;-0.17632;0.00
0.4213;-0.16914;0.00
0.42945;-0.16135;0.00
0.43708;-0.15304;0.00
0.44421;-0.1443;0.00
0.45087;-0.1352;0.00
0.45705;-0.12577;0.00
0.46276;-0.11604;0.00
0.468;-0.10605;0.00
0.47276;-0.09583;0.00
0.477;-0.08538;0.00
0.48072;-0.07473;0.00
0.4839;-0.06391;0.00
0.4865;-0.05294;0.00
0.4885;-0.04184;0.00
0.48988;-0.03065;0.00
0.49063;-0.0194;0.00
0.49073;-0.0082;0.00
0.49019;0.00289;0.00
0.48902;0.01394;0.00
0.48723;0.0249;0.00
0.48481;0.03574;0.00
0.48181;0.04643;0.00
0.47821;0.05694;0.00
0.47407;0.06724;0.00
0.46937;0.07731;0.00
0.46416;0.08712;0.00
0.45844;0.09664;0.00
0.4522;0.10583;0.00
0.44549;0.11468;0.00
0.43827;0.12311;0.00
0.43054;0.1311;0.00
0.4223;0.13854;0.00
0.41352;0.14534;0.00
0.4042;0.15138;0.00
0.39435;0.1565;0.00
0.38399;0.16048;0.00
0.3732;0.1631;0.00
0.36215;0.16415;0.00
0.35108;0.16346;0.00
0.34026;0.161;0.00
0.32996;0.15686;0.00
0.32038;0.15126;0.00
0.3116;0.14446;0.00
0.30366;0.1367;0.00
0.29653;0.12819;0.00
0.29015;0.1191;0.00
0.28446;0.10956;0.00
0.27943;0.09966;0.00
0.27499;0.08948;0.00
0.2711;0.07908;0.00
0.26772;0.0685;0.00
0.26483;0.05777;0.00
0.26239;0.04694;0.00
0.26038;0.03601;0.00
0.25878;0.02502;0.00
0.25759;0.01398;0.00
0.25678;0.0029;0.00
0.25636;-0.0082;0.00
0.25008;-0.0194;0.00
0.2504;-0.03069;0.00
0.2511;-0.04196;0.00
0.25216;-0.05321;0.00
0.25361;-0.06441;0.00
0.25544;-0.07555;0.00
0.25768;-0.08662;0.00
0.26034;-0.0976;0.00
0.26343;-0.10846;0.00
0.26699;-0.11917;0.00
0.27104;-0.12971;0.00
0.27562;-0.14003;0.00
0.28078;-0.15008;0.00
0.28656;-0.15978;0.00
0.29303;-0.16903;0.00
0.30023;-0.17773;0.00
0.30824;-0.18568;0.00
0.31709;-0.19269;0.00
0.32677;-0.19849;0.00
0.33721;-0.20278;0.00
0.3482;-0.20531;0.00
0.35946;-0.20595;0.00
0.37068;-0.20475;0.00
0.38159;-0.20188;0.00
0.39203;-0.1976;0.00
0.40193;-0.19217;0.00
0.41127;-0.18583;0.00
0.42006;-0.17874;0.00
0.42832;-0.17104;0.00
0.43608;-0.16284;0.00
0.44338;-0.15422;0.00
0.45021;-0.14523;0.00
0.45662;-0.13593;0.00
0.46257;-0.12633;0.00
0.4681;-0.11648;0.00
0.47316;-0.10639;0.00
0.47777;-0.09608;0.00
0.48189;-0.08557;0.00
0.48551;-0.07487;0.00
0.4886;-0.06401;0.00
0.49113;-0.053;0.00
0.49308;-0.04188;0.00
0.49443;-0.03067;0.00
0.49517;-0.0194;0.00
0.49527;-0.0082;0.00
0.49476;0.0029;0.00
0.49362;0.01395;0.00
0.49189;0.02492;0.00
0.48955;0.03579;0.00
0.48664;0.04651;0.00
0.48316;0.05706;0.00
0.47915;0.06742;0.00
0.47461;0.07756;0.00
0.46958;0.08747;0.00
0.46406;0.09711;0.00
0.45806;0.10647;0.00
0.45161;0.11551;0.00
0.44468;0.1242;0.00
0.43729;0.1325;0.00
0.42943;0.14034;0.00
0.42106;0.14765;0.00
0.4122;0.15435;0.00
0.40281;0.16029;0.00
0.39291;0.16532;0.00
0.38253;0.16926;0.00
0.37174;0.17189;0.00
0.36069;0.17299;0.00
0.3496;0.17242;0.00
0.33874;0.17012;0.00
0.32837;0.16618;0.00
0.31866;0.16079;0.00
0.30972;0.15419;0.00
0.30159;0.14662;0.00
0.29425;0.13829;0.00
0.28765;0.12936;0.00
0.28173;0.11995;0.00
0.27646;0.11017;0.00
0.27177;0.1001;0.00
0.26762;0.08979;0.00
0.26399;0.07929;0.00
0.26082;0.06865;0.00
0.2581;0.05787;0.00
0.2558;0.047;0.00
0.25391;0.03605;0.00
0.2524;0.02504;0.00
0.25128;0.01399;0.00
0.25051;0.0029;0.00
0.25012;-0.0082;0.00
0.24383;-0.01941;0.00
0.24413;-0.03072;0.00
0.24479;-0.042;0.00
0.2458;-0.05327;0.00
0.24716;-0.06449;0.00
0.2489;-0.07567;0.00
0.25101;-0.08678;0.00
0.25351;-0.09781;0.00
0.25642;-0.10873;0.00
0.25976;-0.11954;0.00
0.26356;-0.13019;0.00
0.26784;-0.14065;0.00
0.27265;-0.15089;0.00
0.27802;-0.16083;0.00
0.28401;-0.17042;0.00
0.29067;-0.17956;0.00
0.29807;-0.18811;0.00
0.30624;-0.19592;0.00
0.31523;-0.20277;0.00
0.32504;-0.20839;0.00
0.33556;-0.21251;0.00
0.3466;-0.2149;0.00
0.35788;-0.21544;0.00
0.36911;-0.21418;0.00
0.38003;-0.2113;0.00
0.39051;-0.20705;0.00
0.40045;-0.20168;0.00
0.40984;-0.19538;0.00
0.41871;-0.18836;0.00
0.42707;-0.18076;0.00
0.43495;-0.17264;0.00
0.44238;-0.16412;0.00
0.44938;-0.15524;0.00
0.45596;-0.14604;0.00
0.46214;-0.13657;0.00
0.46789;-0.12684;0.00
0.47325;-0.11688;0.00
0.47816;-0.1067;0.00
0.48265;-0.09632;0.00
0.48667;-0.08575;0.00
0.49019;-0.075;0.00
0.4932;-0.0641;0.00
0.49568;-0.05307;0.00
0.49759;-0.04192;0.00
0.49891;-0.03069;0.00
0.49963;-0.01941;0.00
0.49974;-0.0082;0.00
0.49924;0.0029;0.00
0.49814;0.01396;0.00
0.49646;0.02495;0.00
0.49419;0.03583;0.00
0.49136;0.04658;0.00
0.48799;0.05717;0.00
0.4841;0.06758;0.00
0.47969;0.07779;0.00
0.47482;0.08778;0.00
0.46948;0.09752;0.00
0.46369;0.10701;0.00
0.45747;0.11622;0.00
0.4508;0.12511;0.00
0.44371;0.13367;0.00
0.43617;0.14183;0.00
0.42817;0.14956;0.00
0.41972;0.15677;0.00
0.41077;0.16336;0.00
0.40133;0.16922;0.00
0.39139;0.17419;0.00
0.38099;0.1781;0.00
0.3702;0.18074;0.00
0.35916;0.18189;0.00
0.34806;0.18142;0.00
0.33717;0.17927;0.00
0.32671;0.17552;0.00
0.3169;0.17032;0.00
0.30782;0.16392;0.00
0.29951;0.15654;0.00
0.29198;0.14837;0.00
0.28517;0.13959;0.00
0.27905;0.13031;0.00
0.27354;0.12066;0.00
0.26862;0.11069;0.00
0.26424;0.10048;0.00
0.26036;0.09006;0.00
0.25694;0.07949;0.00
0.25396;0.06878;0.00
0.25141;0.05796;0.00
0.24924;0.04706;0.00
0.24745;0.03609;0.00
0.24603;0.02507;0.00
0.24496;0.014;0.00
0.24424;0.00291;0.00
0.24387;-0.0082;0.00
0.23758;-0.01942;0.00
0.23787;-0.03074;0.00
0.23849;-0.04205;0.00
0.23944;-0.05333;0.00
0.24074;-0.06458;0.00
0.24238;-0.07579;0.00
0.24437;-0.08693;0.00
0.24674;-0.09801;0.00
0.24948;-0.10899;0.00
0.25263;-0.11987;0.00
0.25619;-0.13062;0.00
0.26021;-0.14121;0.00
0.26471;-0.1516;0.00
0.26972;-0.16175;0.00
0.2753;-0.17161;0.00
0.28148;-0.1811;0.00
0.28832;-0.19011;0.00
0.29588;-0.19854;0.00
0.30421;-0.2062;0.00
0.31334;-0.21289;0.00
0.32325;-0.21836;0.00
0.33384;-0.22234;0.00
0.34492;-0.2246;0.00
0.35623;-0.22505;0.00
0.36747;-0.22373;0.00
0.37841;-0.22083;0.00
0.3889;-0.21659;0.00
0.39888;-0.21124;0.00
0.40833;-0.20501;0.00
0.41726;-0.19805;0.00
0.4257;-0.1905;0.00
0.43368;-0.18247;0.00
0.44123;-0.17403;0.00
0.44836;-0.16524;0.00
0.45511;-0.15614;0.00
0.46146;-0.14677;0.00
0.46745;-0.13715;0.00
0.47303;-0.12731;0.00
0.47824;-0.11725;0.00
0.48303;-0.10699;0.00
0.4874;-0.09654;0.00
0.49131;-0.08592;0.00
0.49476;-0.07513;0.00
0.49771;-0.0642;0.00
0.50014;-0.05314;0.00
0.502;-0.04197;0.00
0.5033;-0.03072;0.00
0.50401;-0.01942;0.00
0.50412;-0.0082;0.00
0.50364;0.00291;0.00
0.50257;0.01398;0.00
0.50094;0.02497;0.00
0.49873;0.03587;0.00
0.49598;0.04664;0.00
0.49269;0.05726;0.00
0.48891;0.06772;0.00
0.48464;0.07798;0.00
0.4799;0.08804;0.00
0.47472;0.09788;0.00
0.46912;0.10748;0.00
0.4631;0.11683;0.00
0.45666;0.1259;0.00
0.44983;0.13467;0.00
0.44258;0.14309;0.00
0.43491;0.15114;0.00
0.42681;0.15877;0.00
0.41826;0.16587;0.00
0.40925;0.17238;0.00
0.39977;0.17818;0.00
0.3898;0.1831;0.00
0.37939;0.18698;0.00
0.36859;0.18962;0.00
0.35755;0.19083;0.00
0.34645;0.19046;0.00
0.33552;0.18846;0.00
0.325;0.18488;0.00
0.31508;0.17987;0.00
0.30588;0.17365;0.00
0.29742;0.16644;0.00
0.28971;0.15843;0.00
0.28271;0.14979;0.00
0.27639;0.14065;0.00
0.27068;0.13111;0.00
0.26555;0.12125;0.00
0.26094;0.11113;0.00
0.25684;0.1008;0.00
0.25319;0.0903;0.00
0.24998;0.07965;0.00
0.24717;0.06889;0.00
0.24475;0.05804;0.00
0.2427;0.04711;0.00
0.24101;0.03612;0.00
0.23967;0.02509;0.00
0.23866;0.01401;0.00
0.23797;0.00292;0.00
0.23762;-0.0082;0.00
0.23133;-0.01943;0.00
0.2316;-0.03077;0.00
0.23219;-0.04209;0.00
0.2331;-0.0534;0.00
0.23433;-0.06467;0.00
0.23588;-0.0759;0.00
0.23777;-0.08709;0.00
0.24001;-0.0982;0.00
0.2426;-0.10924;0.00
0.24557;-0.12019;0.00
0.24894;-0.13102;0.00
0.25272;-0.14171;0.00
0.25694;-0.15224;0.00
0.26163;-0.16256;0.00
0.26684;-0.17264;0.00
0.27259;-0.18241;0.00
0.27895;-0.1918;0.00
0.28595;-0.20071;0.00
0.29367;-0.20902;0.00
0.30214;-0.21655;0.00
0.31139;-0.22311;0.00
0.32139;-0.22843;0.00
0.33206;-0.23226;0.00
0.34318;-0.2344;0.00
0.35451;-0.23476;0.00
0.36575;-0.23339;0.00
0.3767;-0.23047;0.00
0.38722;-0.22623;0.00
0.39723;-0.22091;0.00
0.40672;-0.21471;0.00
0.41571;-0.2078;0.00
0.42423;-0.20031;0.00
0.43229;-0.19233;0.00
0.43994;-0.18397;0.00
0.44719;-0.17525;0.00
0.45407;-0.16623;0.00
0.46059;-0.15695;0.00
0.46674;-0.14743;0.00
0.47256;-0.13769;0.00
0.47799;-0.12773;0.00
0.48307;-0.11759;0.00
0.48775;-0.10726;0.00
0.49202;-0.09676;0.00
0.49585;-0.08608;0.00
0.49923;-0.07526;0.00
0.50212;-0.06429;0.00
0.50449;-0.0532;0.00
0.50633;-0.04201;0.00
0.5076;-0.03074;0.00
0.5083;-0.01943;0.00
0.50841;-0.0082;0.00
0.50795;0.00292;0.00
0.50691;0.01399;0.00
0.50532;0.025;0.00
0.50317;0.03591;0.00
0.50049;0.0467;0.00
0.49729;0.05735;0.00
0.4936;0.06785;0.00
0.48943;0.07816;0.00
0.48483;0.08828;0.00
0.47979;0.0982;0.00
0.47434;0.10789;0.00
0.4685;0.11736;0.00
0.46227;0.12657;0.00
0.45567;0.13552;0.00
0.44867;0.14417;0.00
0.4413;0.15249;0.00
0.43352;0.16045;0.00
0.42533;0.16796;0.00
0.41671;0.17499;0.00
0.40765;0.18144;0.00
0.39811;0.18716;0.00
0.38813;0.19205;0.00
0.3777;0.19592;0.00
0.36691;0.19858;0.00
0.35587;0.19985;0.00
0.34476;0.19958;0.00
0.33381;0.1977;0.00
0.32323;0.19428;0.00
0.31323;0.18944;0.00
0.3039;0.1834;0.00
0.2953;0.17635;0.00
0.28743;0.16849;0.00
0.28026;0.16;0.00
0.27375;0.15098;0.00
0.26785;0.14155;0.00
0.26252;0.13179;0.00
0.25771;0.12176;0.00
0.25339;0.11151;0.00
0.24954;0.10108;0.00
0.2461;0.0905;0.00
0.24307;0.0798;0.00
0.24042;0.069;0.00
0.23813;0.05811;0.00
0.2362;0.04716;0.00
0.23459;0.03615;0.00
0.23331;0.02511;0.00
0.23236;0.01403;0.00
0.23171;0.00292;0.00
0.23137;-0.0082;0.00
0.22509;-0.01944;0.00
0.22534;-0.03079;0.00
0.2259;-0.04214;0.00
0.22677;-0.05346;0.00
0.22793;-0.06476;0.00
0.22941;-0.07602;0.00
0.23121;-0.08724;0.00
0.23333;-0.0984;0.00
0.23579;-0.10949;0.00
0.2386;-0.1205;0.00
0.24177;-0.1314;0.00
0.24534;-0.14219;0.00
0.24931;-0.15283;0.00
0.25372;-0.1633;0.00
0.25859;-0.17355;0.00
0.26397;-0.18356;0.00
0.26989;-0.19325;0.00
0.27641;-0.20255;0.00
0.28357;-0.21137;0.00
0.29143;-0.21957;0.00
0.30002;-0.22699;0.00
0.30938;-0.23341;0.00
0.31947;-0.2386;0.00
0.3302;-0.24231;0.00
0.34136;-0.24434;0.00
0.35271;-0.24461;0.00
0.36397;-0.24318;0.00
0.37493;-0.24023;0.00
0.38546;-0.23599;0.00
0.3955;-0.23068;0.00
0.40503;-0.22451;0.00
0.41407;-0.21763;0.00
0.42264;-0.21018;0.00
0.43079;-0.20226;0.00
0.43851;-0.19394;0.00
0.44587;-0.18528;0.00
0.45287;-0.17633;0.00
0.45952;-0.16713;0.00
0.46584;-0.15769;0.00
0.47182;-0.14804;0.00
0.47748;-0.13819;0.00
0.48279;-0.12814;0.00
0.48775;-0.11792;0.00
0.49232;-0.10753;0.00
0.49651;-0.09697;0.00
0.50027;-0.08625;0.00
0.50358;-0.07539;0.00
0.50642;-0.06439;0.00
0.50876;-0.05327;0.00
0.51057;-0.04206;0.00
0.51182;-0.03077;0.00
0.51252;-0.01944;0.00
0.51263;-0.00819;0.00
0.51218;0.00292;0.00
0.51117;0.014;0.00
0.50961;0.02502;0.00
0.50751;0.03594;0.00
0.50489;0.04676;0.00
0.50176;0.05743;0.00
0.49816;0.06796;0.00
0.49409;0.07832;0.00
0.4896;0.0885;0.00
0.48469;0.09848;0.00
0.47938;0.10826;0.00
0.47371;0.11783;0.00
0.46766;0.12716;0.00
0.46126;0.13627;0.00
0.45449;0.14509;0.00
0.44737;0.15365;0.00
0.43988;0.16187;0.00
0.432;0.16973;0.00
0.42374;0.17718;0.00
0.41506;0.18414;0.00
0.40594;0.19051;0.00
0.39638;0.1962;0.00
0.38638;0.20107;0.00
0.37595;0.20492;0.00
0.36516;0.2076;0.00
0.35412;0.20892;0.00
0.343;0.20875;0.00
0.33202;0.207;0.00
0.3214;0.20373;0.00
0.31131;0.19906;0.00
0.30187;0.19316;0.00
0.29315;0.18627;0.00
0.28513;0.17857;0.00
0.27781;0.17019;0.00
0.27112;0.1613;0.00
0.26505;0.15198;0.00
0.25953;0.14231;0.00
0.25454;0.13237;0.00
0.25003;0.1222;0.00
0.24596;0.11184;0.00
0.24233;0.10133;0.00
0.23909;0.09069;0.00
0.23622;0.07993;0.00
0.23371;0.0691;0.00
0.23155;0.05818;0.00
0.22971;0.04721;0.00
0.22819;0.03619;0.00
0.22697;0.02513;0.00
0.22606;0.01404;0.00
0.22545;0.00293;0.00
0.22513;-0.00819;0.00
0.21885;-0.01945;0.00
0.21909;-0.03082;0.00
0.21963;-0.04219;0.00
0.22045;-0.05354;0.00
0.22156;-0.06486;0.00
0.22297;-0.07615;0.00
0.22467;-0.0874;0.00
0.22669;-0.0986;0.00
0.22902;-0.10974;0.00
0.23169;-0.1208;0.00
0.2347;-0.13177;0.00
0.23807;-0.14264;0.00
0.24181;-0.15338;0.00
0.24597;-0.16397;0.00
0.25055;-0.17439;0.00
0.25559;-0.18459;0.00
0.26113;-0.19453;0.00
0.2672;-0.20415;0.00
0.27386;-0.21337;0.00
0.28116;-0.2221;0.00
0.28914;-0.2302;0.00
0.29785;-0.23752;0.00
0.30731;-0.24383;0.00
0.31748;-0.24891;0.00
0.32827;-0.2525;0.00
0.33947;-0.25442;0.00
0.35084;-0.2546;0.00
0.36211;-0.25311;0.00
0.37308;-0.25013;0.00
0.38363;-0.24588;0.00
0.39369;-0.24057;0.00
0.40325;-0.23441;0.00
0.41234;-0.22756;0.00
0.42096;-0.22014;0.00
0.42916;-0.21225;0.00
0.43697;-0.20397;0.00
0.4444;-0.19536;0.00
0.4515;-0.18647;0.00
0.45827;-0.17732;0.00
0.46472;-0.16795;0.00
0.47087;-0.15838;0.00
0.4767;-0.14861;0.00
0.48223;-0.13866;0.00
0.48742;-0.12854;0.00
0.49227;-0.11824;0.00
0.49676;-0.10779;0.00
0.50088;-0.09718;0.00
0.50457;-0.08642;0.00
0.50783;-0.07552;0.00
0.51062;-0.06449;0.00
0.51293;-0.05335;0.00
0.51471;-0.04211;0.00
0.51595;-0.0308;0.00
0.51663;-0.01945;0.00
0.51675;-0.00819;0.00
0.51632;0.00293;0.00
0.51533;0.01402;0.00
0.51381;0.02504;0.00
0.51175;0.03598;0.00
0.50919;0.04681;0.00
0.50612;0.05751;0.00
0.5026;0.06807;0.00
0.49862;0.07846;0.00
0.49422;0.08869;0.00
0.48943;0.09873;0.00
0.48425;0.10859;0.00
0.47872;0.11824;0.00
0.47283;0.12769;0.00
0.46661;0.13692;0.00
0.46004;0.1459;0.00
0.45315;0.15464;0.00
0.44591;0.1631;0.00
0.43832;0.17124;0.00
0.43038;0.17904;0.00
0.42205;0.18641;0.00
0.41331;0.19331;0.00
0.40416;0.19965;0.00
0.39458;0.2053;0.00
0.38455;0.21013;0.00
0.37412;0.21399;0.00
0.36333;0.2167;0.00
0.35229;0.21808;0.00
0.34117;0.21799;0.00
0.33016;0.21637;0.00
0.3195;0.21323;0.00
0.30933;0.2087;0.00
0.2998;0.20297;0.00
0.29096;0.19622;0.00
0.28281;0.18864;0.00
0.27533;0.1804;0.00
0.2685;0.17161;0.00
0.26226;0.1624;0.00
0.25657;0.15283;0.00
0.25141;0.14297;0.00
0.24671;0.13288;0.00
0.24247;0.12259;0.00
0.23864;0.11214;0.00
0.23521;0.10155;0.00
0.23214;0.09085;0.00
0.22943;0.08006;0.00
0.22705;0.06919;0.00
0.225;0.05825;0.00
0.22325;0.04725;0.00
0.22181;0.03622;0.00
0.22065;0.02515;0.00
0.21978;0.01405;0.00
0.21919;0.00293;0.00
0.21889;-0.00819;0.00
0.21263;-0.01946;0.00
0.21285;-0.03085;0.00
0.21336;-0.04224;0.00
0.21415;-0.05361;0.00
0.21521;-0.06496;0.00
0.21655;-0.07628;0.00
0.21817;-0.08757;0.00
0.22009;-0.0988;0.00
0.22231;-0.10998;0.00
0.22484;-0.1211;0.00
0.2277;-0.13214;0.00
0.23089;-0.14308;0.00
0.23444;-0.15391;0.00
0.23836;-0.16461;0.00
0.24267;-0.17517;0.00
0.24742;-0.18553;0.00
0.25261;-0.19568;0.00
0.25829;-0.20556;0.00
0.26451;-0.21511;0.00
0.27129;-0.22427;0.00
0.27871;-0.23292;0.00
0.28681;-0.24095;0.00
0.29562;-0.24817;0.00
0.30517;-0.25438;0.00
0.31542;-0.25935;0.00
0.32626;-0.26284;0.00
0.3375;-0.26466;0.00
0.34889;-0.26476;0.00
0.36017;-0.26321;0.00
0.37116;-0.26018;0.00
0.38172;-0.2559;0.00
0.3918;-0.25059;0.00
0.40139;-0.24444;0.00
0.4105;-0.23759;0.00
0.41918;-0.23019;0.00
0.42743;-0.22233;0.00
0.43529;-0.21408;0.00
0.44281;-0.20551;0.00
0.44998;-0.19665;0.00
0.45685;-0.18755;0.00
0.46342;-0.17824;0.00
0.46969;-0.16872;0.00
0.47569;-0.15903;0.00
0.48138;-0.14915;0.00
0.4868;-0.13912;0.00
0.49188;-0.12892;0.00
0.49665;-0.11856;0.00
0.50107;-0.10805;0.00
0.50511;-0.0974;0.00
0.50875;-0.08659;0.00
0.51197;-0.07566;0.00
0.51473;-0.0646;0.00
0.51699;-0.05343;0.00
0.51875;-0.04217;0.00
0.51998;-0.03083;0.00
0.52066;-0.01946;0.00
0.52078;-0.00819;0.00
0.52035;0.00294;0.00
0.51939;0.01403;0.00
0.5179;0.02507;0.00
0.51589;0.03602;0.00
0.51337;0.04686;0.00
0.51037;0.05758;0.00
0.50691;0.06817;0.00
0.50301;0.0786;0.00
0.49871;0.08887;0.00
0.494;0.09896;0.00
0.48895;0.10888;0.00
0.48354;0.11862;0.00
0.47779;0.12815;0.00
0.47173;0.1375;0.00
0.46534;0.14662;0.00
0.45866;0.15552;0.00
0.45165;0.16417;0.00
0.44431;0.17255;0.00
0.43665;0.18063;0.00
0.42863;0.18835;0.00
0.42025;0.19568;0.00
0.41147;0.20254;0.00
0.40229;0.20882;0.00
0.39268;0.21445;0.00
0.38265;0.21927;0.00
0.37221;0.22314;0.00
0.36142;0.22588;0.00
0.35039;0.22732;0.00
0.33926;0.22732;0.00
0.32823;0.22581;0.00
0.31752;0.2228;0.00
0.3073;0.21841;0.00
0.29768;0.21282;0.00
0.28872;0.2062;0.00
0.28045;0.19875;0.00
0.27285;0.19062;0.00
0.26587;0.18195;0.00
0.25948;0.17283;0.00
0.25364;0.16335;0.00
0.24831;0.15357;0.00
0.24345;0.14355;0.00
0.23903;0.13333;0.00
0.23503;0.12294;0.00
0.23141;0.11241;0.00
0.22816;0.10176;0.00
0.22526;0.09101;0.00
0.22269;0.08018;0.00
0.22043;0.06927;0.00
0.21848;0.05831;0.00
0.21682;0.0473;0.00
0.21544;0.03625;0.00
0.21434;0.02517;0.00
0.21351;0.01406;0.00
0.21295;0.00294;0.00
0.21266;-0.00819;0.00
0.20642;-0.01947;0.00
0.20663;-0.03089;0.00
0.20712;-0.0423;0.00
0.20787;-0.0537;0.00
0.20888;-0.06508;0.00
0.21016;-0.07643;0.00
0.21171;-0.08774;0.00
0.21354;-0.09902;0.00
0.21565;-0.11024;0.00
0.21806;-0.12141;0.00
0.22077;-0.13251;0.00
0.22381;-0.14352;0.00
0.22717;-0.15444;0.00
0.23088;-0.16524;0.00
0.23496;-0.17591;0.00
0.23943;-0.18642;0.00
0.24431;-0.19674;0.00
0.24964;-0.20684;0.00
0.25546;-0.21667;0.00
0.26179;-0.22618;0.00
0.2687;-0.23527;0.00
0.27623;-0.24386;0.00
0.28442;-0.25182;0.00
0.29333;-0.25896;0.00
0.30295;-0.2651;0.00
0.31327;-0.26998;0.00
0.32417;-0.27337;0.00
0.33545;-0.2751;0.00
0.34686;-0.27511;0.00
0.35816;-0.27349;0.00
0.36915;-0.27041;0.00
0.37972;-0.2661;0.00
0.38982;-0.26077;0.00
0.39944;-0.2546;0.00
0.40858;-0.24777;0.00
0.41729;-0.24037;0.00
0.42558;-0.23252;0.00
0.4335;-0.22429;0.00
0.44107;-0.21573;0.00
0.44832;-0.20691;0.00
0.45527;-0.19784;0.00
0.46193;-0.18856;0.00
0.46833;-0.1791;0.00
0.47445;-0.16945;0.00
0.48031;-0.15965;0.00
0.48589;-0.14968;0.00
0.49119;-0.13957;0.00
0.49619;-0.1293;0.00
0.50089;-0.11889;0.00
0.50523;-0.10832;0.00
0.50922;-0.09762;0.00
0.51282;-0.08678;0.00
0.51599;-0.07581;0.00
0.51871;-0.06471;0.00
0.52096;-0.05351;0.00
0.5227;-0.04222;0.00
0.52392;-0.03087;0.00
0.5246;-0.01947;0.00
0.52472;-0.00819;0.00
0.52431;0.00295;0.00
0.52336;0.01405;0.00
0.52189;0.02509;0.00
0.51991;0.03605;0.00
0.51745;0.04692;0.00
0.5145;0.05766;0.00
0.5111;0.06827;0.00
0.50727;0.07873;0.00
0.50305;0.08904;0.00
0.49844;0.09918;0.00
0.49348;0.10915;0.00
0.48819;0.11896;0.00
0.48256;0.12858;0.00
0.47665;0.13802;0.00
0.47042;0.14726;0.00
0.46391;0.1563;0.00
0.4571;0.16511;0.00
0.45;0.17369;0.00
0.44259;0.18201;0.00
0.43485;0.19003;0.00
0.42678;0.19771;0.00
0.41835;0.20499;0.00
0.40953;0.2118;0.00
0.40033;0.21807;0.00
0.3907;0.22368;0.00
0.38066;0.2285;0.00
0.37022;0.23238;0.00
0.35944;0.23515;0.00
0.34841;0.23665;0.00
0.33728;0.23674;0.00
0.32623;0.23533;0.00
0.31548;0.23245;0.00
0.30519;0.2282;0.00
0.29549;0.22273;0.00
0.28644;0.21623;0.00
0.27806;0.2089;0.00
0.27033;0.20088;0.00
0.26323;0.1923;0.00
0.2567;0.18327;0.00
0.25072;0.17388;0.00
0.24524;0.16418;0.00
0.24022;0.15423;0.00
0.23565;0.14407;0.00
0.23148;0.13374;0.00
0.2277;0.12326;0.00
0.22427;0.11266;0.00
0.22119;0.10196;0.00
0.21844;0.09116;0.00
0.216;0.08029;0.00
0.21385;0.06936;0.00
0.21199;0.05837;0.00
0.21041;0.04735;0.00
0.2091;0.03628;0.00
0.20805;0.02519;0.00
0.20726;0.01408;0.00
0.20672;0.00295;0.00
0.20645;-0.00819;0.00
0.20022;-0.01948;0.00
0.20042;-0.03093;0.00
0.20088;-0.04237;0.00
0.2016;-0.05379;0.00
0.20257;-0.0652;0.00
0.20379;-0.07658;0.00
0.20528;-0.08794;0.00
0.20702;-0.09925;0.00
0.20904;-0.11052;0.00
0.21133;-0.12173;0.00
0.21392;-0.13289;0.00
0.2168;-0.14397;0.00
0.22;-0.15496;0.00
0.22352;-0.16585;0.00
0.22738;-0.17663;0.00
0.2316;-0.18727;0.00
0.23621;-0.19775;0.00
0.24123;-0.20804;0.00
0.24669;-0.2181;0.00
0.25262;-0.22789;0.00
0.25907;-0.23735;0.00
0.26607;-0.24641;0.00
0.27369;-0.25494;0.00
0.28198;-0.26285;0.00
0.29096;-0.26994;0.00
0.30066;-0.276;0.00
0.31104;-0.2808;0.00
0.32199;-0.28411;0.00
0.33331;-0.28575;0.00
0.34475;-0.28568;0.00
0.35606;-0.28399;0.00
0.36707;-0.28084;0.00
0.37765;-0.27649;0.00
0.38776;-0.27113;0.00
0.39739;-0.26494;0.00
0.40656;-0.25809;0.00
0.4153;-0.2507;0.00
0.42363;-0.24284;0.00
0.43159;-0.23462;0.00
0.43921;-0.22608;0.00
0.44652;-0.21726;0.00
0.45353;-0.20821;0.00
0.46028;-0.19897;0.00
0.46676;-0.18953;0.00
0.473;-0.17993;0.00
0.47898;-0.17017;0.00
0.48473;-0.16027;0.00
0.49021;-0.15021;0.00
0.49542;-0.14002;0.00
0.50035;-0.12969;0.00
0.50497;-0.11921;0.00
0.50927;-0.1086;0.00
0.51321;-0.09785;0.00
0.51676;-0.08697;0.00
0.5199;-0.07596;0.00
0.5226;-0.06484;0.00
0.52483;-0.05361;0.00
0.52656;-0.04229;0.00
0.52777;-0.03091;0.00
0.52844;-0.01948;0.00
0.52856;-0.00818;0.00
0.52816;0.00296;0.00
0.52723;0.01406;0.00
0.52579;0.02512;0.00
0.52384;0.03609;0.00
0.52141;0.04697;0.00
0.51851;0.05773;0.00
0.51517;0.06837;0.00
0.5114;0.07886;0.00
0.50724;0.0892;0.00
0.50272;0.09939;0.00
0.49785;0.10941;0.00
0.49265;0.11927;0.00
0.48715;0.12897;0.00
0.48136;0.1385;0.00
0.47527;0.14783;0.00
0.46893;0.157;0.00
0.46229;0.16596;0.00
0.45539;0.17471;0.00
0.44821;0.18323;0.00
0.44072;0.19149;0.00
0.43294;0.19947;0.00
0.42482;0.20711;0.00
0.41634;0.21435;0.00
0.40751;0.22114;0.00
0.39828;0.22739;0.00
0.38864;0.23299;0.00
0.3786;0.23782;0.00
0.36816;0.24172;0.00
0.35738;0.24454;0.00
0.34635;0.24611;0.00
0.33521;0.24628;0.00
0.32415;0.24497;0.00
0.31336;0.24221;0.00
0.30302;0.23806;0.00
0.29325;0.23271;0.00
0.28411;0.22634;0.00
0.27563;0.2191;0.00
0.26779;0.21118;0.00
0.26057;0.20269;0.00
0.25392;0.19375;0.00
0.2478;0.18443;0.00
0.24218;0.1748;0.00
0.23703;0.16492;0.00
0.23231;0.15482;0.00
0.22799;0.14455;0.00
0.22404;0.13412;0.00
0.22046;0.12356;0.00
0.21722;0.1129;0.00
0.21429;0.10214;0.00
0.21167;0.09131;0.00
0.20935;0.08041;0.00
0.20731;0.06945;0.00
0.20554;0.05844;0.00
0.20403;0.0474;0.00
0.20278;0.03632;0.00
0.20178;0.02522;0.00
0.20102;0.0141;0.00
0.20051;0.00296;0.00
0.20025;-0.00818;0.00
0.19404;-0.0195;0.00
0.19423;-0.03097;0.00
0.19467;-0.04244;0.00
0.19536;-0.0539;0.00
0.19629;-0.06534;0.00
0.19746;-0.07676;0.00
0.19888;-0.08815;0.00
0.20055;-0.0995;0.00
0.20247;-0.11082;0.00
0.20467;-0.12208;0.00
0.20713;-0.13329;0.00
0.20988;-0.14443;0.00
0.21292;-0.1555;0.00
0.21627;-0.16648;0.00
0.21993;-0.17736;0.00
0.22394;-0.18811;0.00
0.22829;-0.19873;0.00
0.23303;-0.20919;0.00
0.23816;-0.21945;0.00
0.24373;-0.22949;0.00
0.24977;-0.23925;0.00
0.25631;-0.24868;0.00
0.26341;-0.25769;0.00
0.2711;-0.26621;0.00
0.27946;-0.27407;0.00
0.28851;-0.28112;0.00
0.29828;-0.28714;0.00
0.30872;-0.29188;0.00
0.31972;-0.29511;0.00
0.33109;-0.29666;0.00
0.34255;-0.2965;0.00
0.35388;-0.29473;0.00
0.36489;-0.29151;0.00
0.37548;-0.2871;0.00
0.3856;-0.28169;0.00
0.39525;-0.27547;0.00
0.40444;-0.2686;0.00
0.4132;-0.26119;0.00
0.42156;-0.25333;0.00
0.42956;-0.2451;0.00
0.43722;-0.23655;0.00
0.44458;-0.22774;0.00
0.45165;-0.2187;0.00
0.45846;-0.20946;0.00
0.46502;-0.20004;0.00
0.47135;-0.19047;0.00
0.47745;-0.18075;0.00
0.48331;-0.17088;0.00
0.48896;-0.16088;0.00
0.49434;-0.15075;0.00
0.49949;-0.14049;0.00
0.50434;-0.13009;0.00
0.50891;-0.11956;0.00
0.51316;-0.1089;0.00
0.51706;-0.09811;0.00
0.52058;-0.08718;0.00
0.5237;-0.07613;0.00
0.52638;-0.06498;0.00
0.52859;-0.05371;0.00
0.53031;-0.04237;0.00
0.5315;-0.03095;0.00
0.53217;-0.0195;0.00
0.5323;-0.00818;0.00
0.53191;0.00297;0.00
0.531;0.01408;0.00
0.52958;0.02515;0.00
0.52767;0.03614;0.00
0.52527;0.04703;0.00
0.5224;0.05781;0.00
0.51911;0.06847;0.00
0.5154;0.07899;0.00
0.51131;0.08936;0.00
0.50684;0.09959;0.00
0.50206;0.10966;0.00
0.49695;0.11958;0.00
0.49155;0.12934;0.00
0.48587;0.13894;0.00
0.47991;0.14837;0.00
0.47371;0.15764;0.00
0.46724;0.16672;0.00
0.46051;0.17563;0.00
0.45353;0.18433;0.00
0.44627;0.19279;0.00
0.43874;0.20102;0.00
0.4309;0.20896;0.00
0.42274;0.21656;0.00
0.41425;0.22379;0.00
0.40538;0.23056;0.00
0.39614;0.2368;0.00
0.3865;0.2424;0.00
0.37645;0.24725;0.00
0.36602;0.25118;0.00
0.35524;0.25405;0.00
0.34421;0.25567;0.00
0.33307;0.25593;0.00
0.32199;0.25473;0.00
0.31116;0.25207;0.00
0.30076;0.24804;0.00
0.29093;0.2428;0.00
0.28172;0.23652;0.00
0.27315;0.22938;0.00
0.26521;0.22154;0.00
0.25788;0.21313;0.00
0.25112;0.20427;0.00
0.24489;0.19502;0.00
0.23914;0.18545;0.00
0.23386;0.17563;0.00
0.229;0.16559;0.00
0.22453;0.15537;0.00
0.22045;0.14499;0.00
0.21672;0.13448;0.00
0.21332;0.12385;0.00
0.21024;0.11313;0.00
0.20746;0.10233;0.00
0.20497;0.09146;0.00
0.20276;0.08052;0.00
0.20081;0.06954;0.00
0.19912;0.05851;0.00
0.19768;0.04745;0.00
0.19649;0.03636;0.00
0.19553;0.02525;0.00
0.19481;0.01412;0.00
0.19432;0.00297;0.00
0.19407;-0.00818;0.00
0.18787;-0.01951;0.00
0.18806;-0.03102;0.00
0.18848;-0.04252;0.00
0.18914;-0.05402;0.00
0.19004;-0.06549;0.00
0.19116;-0.07695;0.00
0.19252;-0.08838;0.00
0.19412;-0.09978;0.00
0.19596;-0.11114;0.00
0.19805;-0.12246;0.00
0.20041;-0.13373;0.00
0.20303;-0.14494;0.00
0.20593;-0.15607;0.00
0.20912;-0.16713;0.00
0.21261;-0.17811;0.00
0.21641;-0.18897;0.00
0.22054;-0.19971;0.00
0.22502;-0.21032;0.00
0.22986;-0.22076;0.00
0.23511;-0.231;0.00
0.24077;-0.24102;0.00
0.2469;-0.25077;0.00
0.25352;-0.26018;0.00
0.26069;-0.26919;0.00
0.26845;-0.27769;0.00
0.27687;-0.28553;0.00
0.28597;-0.29257;0.00
0.2958;-0.29855;0.00
0.3063;-0.30325;0.00
0.31735;-0.30642;0.00
0.32876;-0.30789;0.00
0.34026;-0.30763;0.00
0.3516;-0.30576;0.00
0.36262;-0.30246;0.00
0.37322;-0.29797;0.00
0.38334;-0.2925;0.00
0.393;-0.28624;0.00
0.4022;-0.27933;0.00
0.41099;-0.27189;0.00
0.41937;-0.26401;0.00
0.4274;-0.25576;0.00
0.4351;-0.2472;0.00
0.44249;-0.23837;0.00
0.4496;-0.22933;0.00
0.45647;-0.22009;0.00
0.46309;-0.21067;0.00
0.4695;-0.20111;0.00
0.47569;-0.1914;0.00
0.48167;-0.18157;0.00
0.48743;-0.17161;0.00
0.49298;-0.16152;0.00
0.4983;-0.15131;0.00
0.50338;-0.14098;0.00
0.50818;-0.13052;0.00
0.51271;-0.11994;0.00
0.51692;-0.10922;0.00
0.52078;-0.09838;0.00
0.52428;-0.08742;0.00
0.52738;-0.07633;0.00
0.53004;-0.06513;0.00
0.53224;-0.05383;0.00
0.53395;-0.04245;0.00
0.53514;-0.031;0.00
0.53581;-0.01951;0.00
0.53594;-0.00818;0.00
0.53556;0.00298;0.00
0.53466;0.01411;0.00
0.53326;0.02518;0.00
0.53137;0.03619;0.00
0.52901;0.0471;0.00
0.52618;0.0579;0.00
0.52293;0.06858;0.00
0.51926;0.07912;0.00
0.51523;0.08953;0.00
0.51083;0.09979;0.00
0.50611;0.10991;0.00
0.50108;0.11988;0.00
0.49577;0.12969;0.00
0.49019;0.13936;0.00
0.48435;0.14888;0.00
0.47827;0.15824;0.00
0.47194;0.16744;0.00
0.46538;0.17647;0.00
0.45857;0.18532;0.00
0.45152;0.19397;0.00
0.44421;0.20241;0.00
0.43662;0.2106;0.00
0.42875;0.21851;0.00
0.42056;0.22611;0.00
0.41204;0.23331;0.00
0.40316;0.24008;0.00
0.39391;0.24632;0.00
0.38426;0.25194;0.00
0.37421;0.2568;0.00
0.36378;0.26078;0.00
0.35302;0.2637;0.00
0.34199;0.2654;0.00
0.33084;0.26574;0.00
0.31974;0.26464;0.00
0.30888;0.26208;0.00
0.29844;0.25814;0.00
0.28854;0.25299;0.00
0.27925;0.2468;0.00
0.27061;0.23975;0.00
0.26259;0.23198;0.00
0.25516;0.22365;0.00
0.24831;0.21484;0.00
0.24196;0.20566;0.00
0.23611;0.19615;0.00
0.2307;0.18639;0.00
0.22571;0.1764;0.00
0.22113;0.16622;0.00
0.2169;0.15589;0.00
0.21303;0.14541;0.00
0.20949;0.13483;0.00
0.20626;0.12414;0.00
0.20333;0.11337;0.00
0.20069;0.10252;0.00
0.19831;0.09161;0.00
0.19621;0.08065;0.00
0.19435;0.06964;0.00
0.19274;0.05859;0.00
0.19136;0.04751;0.00
0.19022;0.03641;0.00
0.1893;0.02528;0.00
0.18861;0.01414;0.00
0.18814;0.00299;0.00
0.1879;-0.00817;0.00
0.18173;-0.01953;0.00
0.18191;-0.03108;0.00
0.18232;-0.04262;0.00
0.18295;-0.05415;0.00
0.18381;-0.06567;0.00
0.18489;-0.07717;0.00
0.18619;-0.08865;0.00
0.18772;-0.10009;0.00
0.18949;-0.11151;0.00
0.1915;-0.12288;0.00
0.19375;-0.13421;0.00
0.19626;-0.14548;0.00
0.19903;-0.15669;0.00
0.20207;-0.16783;0.00
0.2054;-0.1789;0.00
0.20902;-0.18986;0.00
0.21294;-0.20073;0.00
0.21719;-0.21147;0.00
0.22178;-0.22206;0.00
0.22673;-0.2325;0.00
0.23206;-0.24274;0.00
0.23781;-0.25276;0.00
0.244;-0.26251;0.00
0.25069;-0.27192;0.00
0.25791;-0.28093;0.00
0.26572;-0.28944;0.00
0.27418;-0.2973;0.00
0.28333;-0.30433;0.00
0.2932;-0.31032;0.00
0.30376;-0.31499;0.00
0.31487;-0.3181;0.00
0.32632;-0.31949;0.00
0.33785;-0.31913;0.00
0.34922;-0.31714;0.00
0.36025;-0.31374;0.00
0.37084;-0.30915;0.00
0.38097;-0.30361;0.00
0.39063;-0.29728;0.00
0.39985;-0.29032;0.00
0.40864;-0.28283;0.00
0.41705;-0.27492;0.00
0.4251;-0.26664;0.00
0.43283;-0.25805;0.00
0.44026;-0.24921;0.00
0.44741;-0.24014;0.00
0.45432;-0.23089;0.00
0.46099;-0.22146;0.00
0.46745;-0.21189;0.00
0.47373;-0.20219;0.00
0.47979;-0.19236;0.00
0.48567;-0.18242;0.00
0.49134;-0.17236;0.00
0.49682;-0.1622;0.00
0.50208;-0.15191;0.00
0.5071;-0.14151;0.00
0.51187;-0.13099;0.00
0.51635;-0.12035;0.00
0.52053;-0.10958;0.00
0.52438;-0.09869;0.00
0.52786;-0.08768;0.00
0.53094;-0.07655;0.00
0.53359;-0.06531;0.00
0.53578;-0.05397;0.00
0.53749;-0.04255;0.00
0.53868;-0.03106;0.00
0.53935;-0.01953;0.00
0.53949;-0.00817;0.00
0.53911;0.003;0.00
0.53822;0.01414;0.00
0.53684;0.02523;0.00
0.53497;0.03624;0.00
0.53263;0.04717;0.00
0.52984;0.05799;0.00
0.52662;0.06869;0.00
0.52299;0.07926;0.00
0.519;0.0897;0.00
0.51466;0.1;0.00
0.51;0.11016;0.00
0.50505;0.12017;0.00
0.49981;0.13005;0.00
0.49432;0.13978;0.00
0.48858;0.14936;0.00
0.48261;0.15881;0.00
0.4764;0.1681;0.00
0.46999;0.17726;0.00
0.46334;0.18624;0.00
0.45647;0.19505;0.00
0.44936;0.20368;0.00
0.442;0.21209;0.00
0.43438;0.22026;0.00
0.42648;0.22816;0.00
0.41826;0.23574;0.00
0.40973;0.24295;0.00
0.40084;0.24972;0.00
0.39158;0.25597;0.00
0.38193;0.2616;0.00
0.37189;0.26651;0.00
0.36147;0.27053;0.00
0.3507;0.27351;0.00
0.33968;0.2753;0.00
0.32852;0.27573;0.00
0.3174;0.27472;0.00
0.3065;0.27226;0.00
0.29602;0.26841;0.00
0.28606;0.26334;0.00
0.27672;0.25722;0.00
0.268;0.25024;0.00
0.25991;0.24253;0.00
0.25241;0.23425;0.00
0.24545;0.22551;0.00
0.23902;0.21637;0.00
0.23306;0.20692;0.00
0.22755;0.1972;0.00
0.22245;0.18725;0.00
0.21774;0.17712;0.00
0.2134;0.16682;0.00
0.2094;0.15639;0.00
0.20573;0.14583;0.00
0.20236;0.13518;0.00
0.19929;0.12443;0.00
0.1965;0.11361;0.00
0.19398;0.10272;0.00
0.19171;0.09178;0.00
0.1897;0.08079;0.00
0.18793;0.06975;0.00
0.18639;0.05869;0.00
0.18508;0.04759;0.00
0.18398;0.03647;0.00
0.1831;0.02533;0.00
0.18244;0.01417;0.00
0.18199;0.003;0.00
0.18176;-0.00817;0.00
0.17562;-0.01955;0.00
0.17578;-0.03115;0.00
0.17618;-0.04274;0.00
0.17679;-0.05431;0.00
0.17761;-0.06588;0.00
0.17865;-0.07743;0.00
0.17991;-0.08895;0.00
0.18138;-0.10046;0.00
0.18307;-0.11193;0.00
0.185;-0.12336;0.00
0.18716;-0.13475;0.00
0.18956;-0.14609;0.00
0.19222;-0.15738;0.00
0.19513;-0.1686;0.00
0.1983;-0.17976;0.00
0.20175;-0.19082;0.00
0.20549;-0.2018;0.00
0.20953;-0.21267;0.00
0.21388;-0.22341;0.00
0.21857;-0.23402;0.00
0.2236;-0.24446;0.00
0.22901;-0.25472;0.00
0.23483;-0.26475;0.00
0.24108;-0.27451;0.00
0.24781;-0.28395;0.00
0.25507;-0.29299;0.00
0.26291;-0.30153;0.00
0.27139;-0.30944;0.00
0.28057;-0.31651;0.00
0.29047;-0.32253;0.00
0.30108;-0.3272;0.00
0.31225;-0.33026;0.00
0.32376;-0.33156;0.00
0.33533;-0.33108;0.00
0.34672;-0.32895;0.00
0.35775;-0.32542;0.00
0.36835;-0.32072;0.00
0.37847;-0.31507;0.00
0.38813;-0.30866;0.00
0.39734;-0.30162;0.00
0.40615;-0.29408;0.00
0.41457;-0.28611;0.00
0.42264;-0.27779;0.00
0.4304;-0.26917;0.00
0.43785;-0.26029;0.00
0.44504;-0.2512;0.00
0.45198;-0.24191;0.00
0.4587;-0.23246;0.00
0.46522;-0.22287;0.00
0.47154;-0.21315;0.00
0.47769;-0.20332;0.00
0.48365;-0.19337;0.00
0.48944;-0.18333;0.00
0.49504;-0.17318;0.00
0.50046;-0.16293;0.00
0.50566;-0.15256;0.00
0.51064;-0.14209;0.00
0.51538;-0.13151;0.00
0.51984;-0.12081;0.00
0.524;-0.10999;0.00
0.52784;-0.09905;0.00
0.5313;-0.08798;0.00
0.53437;-0.0768;0.00
0.53702;-0.06551;0.00
0.53922;-0.05413;0.00
0.54092;-0.04266;0.00
0.54211;-0.03113;0.00
0.54278;-0.01956;0.00
0.54292;-0.00816;0.00
0.54255;0.00302;0.00
0.54168;0.01417;0.00
0.54031;0.02528;0.00
0.53846;0.03631;0.00
0.53614;0.04726;0.00
0.53337;0.0581;0.00
0.53019;0.06882;0.00
0.5266;0.07942;0.00
0.52264;0.08989;0.00
0.51834;0.10022;0.00
0.51374;0.11042;0.00
0.50884;0.12047;0.00
0.50368;0.1304;0.00
0.49826;0.14019;0.00
0.4926;0.14984;0.00
0.48674;0.15937;0.00
0.48064;0.16876;0.00
0.47435;0.17801;0.00
0.46785;0.18712;0.00
0.46114;0.19607;0.00
0.45421;0.20486;0.00
0.44706;0.21346;0.00
0.43967;0.22186;0.00
0.43201;0.23002;0.00
0.42408;0.23791;0.00
0.41585;0.2455;0.00
0.4073;0.25271;0.00
0.3984;0.25949;0.00
0.38914;0.26577;0.00
0.3795;0.27144;0.00
0.36947;0.27639;0.00
0.35905;0.28047;0.00
0.34829;0.28353;0.00
0.33727;0.2854;0.00
0.3261;0.28593;0.00
0.31496;0.28502;0.00
0.30403;0.28264;0.00
0.2935;0.27888;0.00
0.2835;0.27388;0.00
0.2741;0.26781;0.00
0.26533;0.26087;0.00
0.25717;0.25322;0.00
0.2496;0.24498;0.00
0.24258;0.23628;0.00
0.23606;0.22718;0.00
0.23001;0.21777;0.00
0.2244;0.20809;0.00
0.2192;0.19818;0.00
0.21438;0.18808;0.00
0.20993;0.17782;0.00
0.20581;0.16742;0.00
0.20201;0.15689;0.00
0.19852;0.14626;0.00
0.19532;0.13554;0.00
0.19239;0.12474;0.00
0.18973;0.11387;0.00
0.18733;0.10295;0.00
0.18517;0.09197;0.00
0.18325;0.08094;0.00
0.18155;0.06988;0.00
0.18008;0.05879;0.00
0.17882;0.04767;0.00
0.17777;0.03653;0.00
0.17693;0.02538;0.00
0.17629;0.01421;0.00
0.17586;0.00302;0.00
0.17564;-0.00816;0.00
0.16952;-0.01958;0.00
0.16968;-0.03123;0.00
0.17006;-0.04287;0.00
0.17066;-0.0545;0.00
0.17145;-0.06613;0.00
0.17245;-0.07773;0.00
0.17366;-0.08932;0.00
0.17507;-0.10088;0.00
0.1767;-0.11242;0.00
0.17855;-0.12392;0.00
0.18063;-0.13538;0.00
0.18294;-0.1468;0.00
0.18548;-0.15816;0.00
0.18827;-0.16947;0.00
0.19132;-0.18072;0.00
0.19462;-0.19189;0.00
0.19818;-0.20298;0.00
0.20203;-0.21397;0.00
0.20618;-0.22486;0.00
0.21063;-0.23562;0.00
0.21539;-0.24625;0.00
0.22051;-0.25672;0.00
0.22598;-0.267;0.00
0.23184;-0.27707;0.00
0.23813;-0.28687;0.00
0.24487;-0.29637;0.00
0.25214;-0.30547;0.00
0.25998;-0.31408;0.00
0.26846;-0.32207;0.00
0.27765;-0.32922;0.00
0.28758;-0.3353;0.00
0.29823;-0.34;0.00
0.30946;-0.34303;0.00
0.32104;-0.34423;0.00
0.33265;-0.3436;0.00
0.34407;-0.34131;0.00
0.3551;-0.33761;0.00
0.36569;-0.33275;0.00
0.3758;-0.32698;0.00
0.38545;-0.32046;0.00
0.39466;-0.31333;0.00
0.40347;-0.3057;0.00
0.4119;-0.29767;0.00
0.41999;-0.28929;0.00
0.42777;-0.28062;0.00
0.43525;-0.27169;0.00
0.44247;-0.26255;0.00
0.44945;-0.25322;0.00
0.45621;-0.24373;0.00
0.46276;-0.2341;0.00
0.46914;-0.22435;0.00
0.47534;-0.21449;0.00
0.48138;-0.20453;0.00
0.48726;-0.19448;0.00
0.49297;-0.18433;0.00
0.49852;-0.17408;0.00
0.50389;-0.16374;0.00
0.50906;-0.1533;0.00
0.51401;-0.14276;0.00
0.51872;-0.13211;0.00
0.52317;-0.12134;0.00
0.52733;-0.11046;0.00
0.53115;-0.09946;0.00
0.53461;-0.08833;0.00
0.53768;-0.0771;0.00
0.54034;-0.06576;0.00
0.54253;-0.05432;0.00
0.54424;-0.0428;0.00
0.54543;-0.03121;0.00
0.5461;-0.01958;0.00
0.54624;-0.00816;0.00
0.54588;0.00305;0.00
0.54502;0.01422;0.00
0.54367;0.02534;0.00
0.54183;0.0364;0.00
0.53953;0.04736;0.00
0.53678;0.05823;0.00
0.53362;0.06898;0.00
0.53006;0.0796;0.00
0.52615;0.0901;0.00
0.52188;0.10046;0.00
0.51732;0.1107;0.00
0.51247;0.1208;0.00
0.50736;0.13078;0.00
0.50201;0.14062;0.00
0.49643;0.15034;0.00
0.49064;0.15994;0.00
0.48465;0.16941;0.00
0.47847;0.17876;0.00
0.47209;0.18797;0.00
0.46553;0.19705;0.00
0.45877;0.20599;0.00
0.45179;0.21476;0.00
0.44461;0.22336;0.00
0.43718;0.23175;0.00
0.4295;0.23991;0.00
0.42156;0.24781;0.00
0.41331;0.2554;0.00
0.40475;0.26263;0.00
0.39585;0.26944;0.00
0.38659;0.27575;0.00
0.37696;0.28147;0.00
0.36693;0.28648;0.00
0.35653;0.29064;0.00
0.34578;0.29379;0.00
0.33476;0.29576;0.00
0.32358;0.29639;0.00
0.31241;0.29558;0.00
0.30145;0.29329;0.00
0.29088;0.2896;0.00
0.28083;0.28464;0.00
0.27139;0.27861;0.00
0.26257;0.2717;0.00
0.25436;0.26408;0.00
0.24674;0.25587;0.00
0.23965;0.24719;0.00
0.23307;0.23812;0.00
0.22694;0.22874;0.00
0.22125;0.21908;0.00
0.21596;0.20921;0.00
0.21104;0.19914;0.00
0.20649;0.1889;0.00
0.20225;0.17852;0.00
0.19835;0.16802;0.00
0.19474;0.15741;0.00
0.19141;0.14671;0.00
0.18836;0.13593;0.00
0.18557;0.12508;0.00
0.18303;0.11416;0.00
0.18074;0.10319;0.00
0.17867;0.09218;0.00
0.17684;0.08112;0.00
0.17522;0.07003;0.00
0.17381;0.05892;0.00
0.1726;0.04778;0.00
0.17159;0.03662;0.00
0.17078;0.02544;0.00
0.17017;0.01425;0.00
0.16975;0.00305;0.00
0.16955;-0.00815;0.00
0.16345;-0.01961;0.00
0.1636;-0.03133;0.00
0.16397;-0.04304;0.00
0.16455;-0.05474;0.00
0.16532;-0.06643;0.00
0.16629;-0.0781;0.00
0.16745;-0.08976;0.00
0.16882;-0.10139;0.00
0.17038;-0.113;0.00
0.17217;-0.12458;0.00
0.17416;-0.13612;0.00
0.17639;-0.14763;0.00
0.17884;-0.15908;0.00
0.18153;-0.17048;0.00
0.18444;-0.18183;0.00
0.1876;-0.19311;0.00
0.19102;-0.20431;0.00
0.1947;-0.21544;0.00
0.19865;-0.22646;0.00
0.20289;-0.23738;0.00
0.20742;-0.24819;0.00
0.21226;-0.25885;0.00
0.21743;-0.26937;0.00
0.22295;-0.2797;0.00
0.22884;-0.28983;0.00
0.23513;-0.29971;0.00
0.24188;-0.30928;0.00
0.24912;-0.31849;0.00
0.25693;-0.32722;0.00
0.26538;-0.33534;0.00
0.27454;-0.34263;0.00
0.28448;-0.34882;0.00
0.29517;-0.35358;0.00
0.30648;-0.3566;0.00
0.31813;-0.35767;0.00
0.3298;-0.35686;0.00
0.34123;-0.35436;0.00
0.35227;-0.35044;0.00
0.36284;-0.3454;0.00
0.37293;-0.33946;0.00
0.38256;-0.33279;0.00
0.39176;-0.32554;0.00
0.40057;-0.31782;0.00
0.409;-0.30969;0.00
0.41711;-0.30123;0.00
0.42491;-0.29249;0.00
0.43242;-0.2835;0.00
0.43967;-0.2743;0.00
0.44668;-0.26491;0.00
0.45347;-0.25537;0.00
0.46006;-0.24569;0.00
0.46647;-0.23588;0.00
0.47273;-0.22598;0.00
0.47883;-0.21597;0.00
0.48479;-0.20589;0.00
0.49059;-0.19571;0.00
0.49626;-0.18546;0.00
0.50176;-0.17512;0.00
0.50709;-0.16469;0.00
0.51225;-0.15417;0.00
0.51718;-0.14354;0.00
0.52188;-0.13281;0.00
0.52632;-0.12197;0.00
0.53049;-0.11102;0.00
0.53431;-0.09995;0.00
0.53778;-0.08876;0.00
0.54086;-0.07746;0.00
0.54353;-0.06605;0.00
0.54573;-0.05455;0.00
0.54744;-0.04296;0.00
0.54864;-0.0313;0.00
0.54932;-0.01962;0.00
0.54946;-0.00815;0.00
0.5491;0.00308;0.00
0.54825;0.01427;0.00
0.5469;0.02542;0.00
0.54508;0.0365;0.00
0.5428;0.04749;0.00
0.54007;0.05838;0.00
0.53692;0.06916;0.00
0.53338;0.07981;0.00
0.5295;0.09034;0.00
0.52526;0.10074;0.00
0.52073;0.11101;0.00
0.51593;0.12116;0.00
0.51087;0.13119;0.00
0.50557;0.14108;0.00
0.50005;0.15086;0.00
0.49434;0.16053;0.00
0.48843;0.17007;0.00
0.48235;0.17951;0.00
0.47608;0.18883;0.00
0.46964;0.19803;0.00
0.46302;0.20709;0.00
0.45621;0.21602;0.00
0.44921;0.22479;0.00
0.44199;0.23339;0.00
0.43454;0.24179;0.00
0.42684;0.24997;0.00
0.41888;0.25788;0.00
0.41063;0.2655;0.00
0.40207;0.27276;0.00
0.39317;0.2796;0.00
0.38392;0.28596;0.00
0.37429;0.29174;0.00
0.36428;0.29682;0.00
0.3539;0.30108;0.00
0.34316;0.30433;0.00
0.33213;0.30642;0.00
0.32094;0.30717;0.00
0.30974;0.30646;0.00
0.29874;0.30426;0.00
0.28813;0.30062;0.00
0.27804;0.29569;0.00
0.26856;0.28969;0.00
0.25971;0.28278;0.00
0.25147;0.27516;0.00
0.2438;0.26696;0.00
0.23667;0.25829;0.00
0.23004;0.24923;0.00
0.22386;0.23986;0.00
0.21809;0.23023;0.00
0.21273;0.22037;0.00
0.20773;0.21031;0.00
0.20307;0.2001;0.00
0.19874;0.18974;0.00
0.19472;0.17925;0.00
0.19101;0.16866;0.00
0.18757;0.15797;0.00
0.1844;0.1472;0.00
0.18149;0.13636;0.00
0.17882;0.12545;0.00
0.1764;0.11449;0.00
0.1742;0.10348;0.00
0.17223;0.09242;0.00
0.17047;0.08134;0.00
0.16892;0.07021;0.00
0.16757;0.05907;0.00
0.16642;0.0479;0.00
0.16545;0.03672;0.00
0.16467;0.02551;0.00
0.16407;0.0143;0.00
0.16367;0.00308;0.00
0.16348;-0.00814;0.00
0.15741;-0.01966;0.00
0.15755;-0.03145;0.00
0.15792;-0.04324;0.00
0.15848;-0.05503;0.00
0.15923;-0.0668;0.00
0.16017;-0.07856;0.00
0.16129;-0.09031;0.00
0.16261;-0.10203;0.00
0.16413;-0.11373;0.00
0.16585;-0.1254;0.00
0.16777;-0.13704;0.00
0.16992;-0.14864;0.00
0.17229;-0.1602;0.00
0.17488;-0.17171;0.00
0.17769;-0.18316;0.00
0.18073;-0.19456;0.00
0.18401;-0.2059;0.00
0.18754;-0.21715;0.00
0.19133;-0.22832;0.00
0.19538;-0.2394;0.00
0.1997;-0.25038;0.00
0.2043;-0.26124;0.00
0.20921;-0.27198;0.00
0.21441;-0.28256;0.00
0.21995;-0.29298;0.00
0.22584;-0.3032;0.00
0.23212;-0.31319;0.00
0.23882;-0.3229;0.00
0.246;-0.33225;0.00
0.25373;-0.34117;0.00
0.26209;-0.34949;0.00
0.27118;-0.357;0.00
0.28109;-0.36339;0.00
0.29182;-0.36826;0.00
0.30321;-0.37127;0.00
0.31496;-0.3722;0.00
0.32669;-0.37113;0.00
0.33815;-0.36834;0.00
0.34917;-0.36415;0.00
0.35971;-0.35886;0.00
0.36977;-0.3527;0.00
0.37937;-0.34585;0.00
0.38856;-0.33845;0.00
0.39735;-0.33058;0.00
0.40579;-0.32234;0.00
0.4139;-0.31377;0.00
0.42172;-0.30494;0.00
0.42927;-0.29587;0.00
0.43655;-0.28659;0.00
0.4436;-0.27713;0.00
0.45043;-0.26751;0.00
0.45706;-0.25776;0.00
0.46352;-0.24788;0.00
0.46981;-0.2379;0.00
0.47596;-0.22784;0.00
0.48198;-0.21769;0.00
0.48787;-0.20747;0.00
0.49363;-0.19717;0.00
0.49926;-0.1868;0.00
0.50474;-0.17635;0.00
0.51005;-0.16582;0.00
0.5152;-0.15521;0.00
0.52012;-0.14449;0.00
0.52484;-0.13367;0.00
0.52929;-0.12275;0.00
0.53346;-0.11171;0.00
0.53731;-0.10056;0.00
0.5408;-0.08929;0.00
0.5439;-0.07791;0.00
0.54658;-0.06642;0.00
0.5488;-0.05483;0.00
0.55053;-0.04316;0.00
0.55174;-0.03143;0.00
0.55243;-0.01966;0.00
0.55258;-0.00813;0.00
0.55222;0.00312;0.00
0.55137;0.01434;0.00
0.55003;0.02551;0.00
0.54821;0.03662;0.00
0.54594;0.04764;0.00
0.54323;0.05856;0.00
0.5401;0.06937;0.00
0.53657;0.08006;0.00
0.53269;0.09063;0.00
0.52849;0.10106;0.00
0.52398;0.11138;0.00
0.51921;0.12157;0.00
0.51419;0.13165;0.00
0.50893;0.14159;0.00
0.50347;0.15143;0.00
0.49782;0.16117;0.00
0.49198;0.17079;0.00
0.48598;0.18031;0.00
0.4798;0.18972;0.00
0.47348;0.19903;0.00
0.46698;0.20821;0.00
0.46032;0.21728;0.00
0.45347;0.22622;0.00
0.44643;0.235;0.00
0.43919;0.24362;0.00
0.43172;0.25203;0.00
0.42401;0.26023;0.00
0.41604;0.26818;0.00
0.40778;0.27582;0.00
0.39922;0.28312;0.00
0.39033;0.29002;0.00
0.38109;0.29645;0.00
0.37148;0.30231;0.00
0.3615;0.30749;0.00
0.35112;0.31185;0.00
0.3404;0.31524;0.00
0.32937;0.31747;0.00
0.31816;0.31835;0.00
0.30693;0.31776;0.00
0.29589;0.31563;0.00
0.28523;0.31203;0.00
0.27512;0.30712;0.00
0.26561;0.3011;0.00
0.25674;0.29418;0.00
0.24849;0.28653;0.00
0.2408;0.27831;0.00
0.23364;0.26963;0.00
0.22696;0.26057;0.00
0.22074;0.25119;0.00
0.21492;0.24156;0.00
0.2095;0.2317;0.00
0.20442;0.22166;0.00
0.19968;0.21145;0.00
0.19526;0.2011;0.00
0.19115;0.19062;0.00
0.18732;0.18004;0.00
0.18378;0.16936;0.00
0.18051;0.15859;0.00
0.17748;0.14775;0.00
0.1747;0.13685;0.00
0.17214;0.12588;0.00
0.16982;0.11487;0.00
0.16773;0.10381;0.00
0.16584;0.09272;0.00
0.16416;0.08159;0.00
0.16267;0.07043;0.00
0.16138;0.05925;0.00
0.16027;0.04806;0.00
0.15933;0.03684;0.00
0.15858;0.02561;0.00
0.15801;0.01437;0.00
0.15762;0.00312;0.00
0.15743;-0.00813;0.00
0.15139;-0.01971;0.00
0.15153;-0.03161;0.00
0.15189;-0.04351;0.00
0.15245;-0.05541;0.00
0.15318;-0.06729;0.00
0.15409;-0.07916;0.00
0.15518;-0.09101;0.00
0.15646;-0.10285;0.00
0.15793;-0.11467;0.00
0.15959;-0.12645;0.00
0.16146;-0.13821;0.00
0.16355;-0.14993;0.00
0.16584;-0.16162;0.00
0.16836;-0.17325;0.00
0.17107;-0.18484;0.00
0.17401;-0.19638;0.00
0.17717;-0.20786;0.00
0.18058;-0.21927;0.00
0.18423;-0.2306;0.00
0.18812;-0.24185;0.00
0.19226;-0.25301;0.00
0.19665;-0.26408;0.00
0.20132;-0.27503;0.00
0.20626;-0.28586;0.00
0.21149;-0.29656;0.00
0.21702;-0.3071;0.00
0.22289;-0.31746;0.00
0.2291;-0.32761;0.00
0.23572;-0.33751;0.00
0.24276;-0.3471;0.00
0.25034;-0.35629;0.00
0.25852;-0.36493;0.00
0.26748;-0.37277;0.00
0.2773;-0.37948;0.00
0.28805;-0.38457;0.00
0.29955;-0.38758;0.00
0.31141;-0.38829;0.00
0.32322;-0.38684;0.00
0.33468;-0.38364;0.00
0.34567;-0.37907;0.00
0.35616;-0.37345;0.00
0.36617;-0.36702;0.00
0.37574;-0.35993;0.00
0.38489;-0.35232;0.00
0.39367;-0.34427;0.00
0.4021;-0.33587;0.00
0.41023;-0.32717;0.00
0.41806;-0.31821;0.00
0.42565;-0.30903;0.00
0.43298;-0.29965;0.00
0.44008;-0.29009;0.00
0.44696;-0.28038;0.00
0.45365;-0.27053;0.00
0.46015;-0.26056;0.00
0.4665;-0.25049;0.00
0.47269;-0.24032;0.00
0.47877;-0.23008;0.00
0.48474;-0.21978;0.00
0.49058;-0.20941;0.00
0.49632;-0.19897;0.00
0.50192;-0.18847;0.00
0.50739;-0.1779;0.00
0.51272;-0.16725;0.00
0.51787;-0.15651;0.00
0.52282;-0.14569;0.00
0.52756;-0.13477;0.00
0.53204;-0.12374;0.00
0.53625;-0.1126;0.00
0.54014;-0.10135;0.00
0.54365;-0.08997;0.00
0.54678;-0.07849;0.00
0.5495;-0.0669;0.00
0.55175;-0.05521;0.00
0.5535;-0.04343;0.00
0.55473;-0.03159;0.00
0.55542;-0.01971;0.00
0.55558;-0.00812;0.00
0.55522;0.00318;0.00
0.55438;0.01443;0.00
0.55304;0.02563;0.00
0.55123;0.03678;0.00
0.54896;0.04783;0.00
0.54625;0.05879;0.00
0.54313;0.06964;0.00
0.53962;0.08037;0.00
0.53574;0.09097;0.00
0.53154;0.10145;0.00
0.52706;0.11181;0.00
0.52231;0.12205;0.00
0.51732;0.13217;0.00
0.5121;0.14218;0.00
0.50667;0.15208;0.00
0.50107;0.16188;0.00
0.49528;0.17158;0.00
0.48935;0.18118;0.00
0.48326;0.19068;0.00
0.47703;0.2001;0.00
0.47064;0.2094;0.00
0.46409;0.2186;0.00
0.4574;0.22769;0.00
0.45051;0.23663;0.00
0.44345;0.24544;0.00
0.43618;0.25408;0.00
0.4287;0.26253;0.00
0.42098;0.27077;0.00
0.413;0.27874;0.00
0.40473;0.28643;0.00
0.39617;0.29379;0.00
0.3873;0.30077;0.00
0.37808;0.30729;0.00
0.3685;0.31325;0.00
0.35854;0.31856;0.00
0.34819;0.32306;0.00
0.33748;0.32661;0.00
0.32645;0.32901;0.00
0.31522;0.33005;0.00
0.30395;0.32959;0.00
0.29286;0.32754;0.00
0.28216;0.32397;0.00
0.27202;0.31903;0.00
0.26251;0.31296;0.00
0.25364;0.30598;0.00
0.24539;0.29828;0.00
0.23771;0.29001;0.00
0.23054;0.28129;0.00
0.22385;0.2722;0.00
0.21759;0.2628;0.00
0.21174;0.25315;0.00
0.20627;0.24328;0.00
0.20113;0.23323;0.00
0.19632;0.22301;0.00
0.19182;0.21266;0.00
0.18761;0.20219;0.00
0.1837;0.1916;0.00
0.18005;0.18092;0.00
0.17668;0.17014;0.00
0.17355;0.1593;0.00
0.17066;0.14839;0.00
0.16799;0.13742;0.00
0.16554;0.1264;0.00
0.16332;0.11533;0.00
0.16131;0.10422;0.00
0.1595;0.09308;0.00
0.15789;0.08191;0.00
0.15647;0.07071;0.00
0.15523;0.05949;0.00
0.15416;0.04825;0.00
0.15326;0.037;0.00
0.15252;0.02573;0.00
0.15197;0.01446;0.00
0.15159;0.00317;0.00
0.15141;-0.00811;0.00
0.1454;-0.01978;0.00
0.14554;-0.03183;0.00
0.1459;-0.04388;0.00
0.14645;-0.05592;0.00
0.14718;-0.06795;0.00
0.14807;-0.07997;0.00
0.14913;-0.09198;0.00
0.15038;-0.10397;0.00
0.15181;-0.11593;0.00
0.15343;-0.12788;0.00
0.15525;-0.13979;0.00
0.15728;-0.15167;0.00
0.15954;-0.16351;0.00
0.16199;-0.17531;0.00
0.16463;-0.18707;0.00
0.16748;-0.19878;0.00
0.17055;-0.21044;0.00
0.17385;-0.22203;0.00
0.1774;-0.23355;0.00
0.18116;-0.245;0.00
0.18514;-0.25637;0.00
0.18938;-0.26766;0.00
0.19386;-0.27885;0.00
0.19857;-0.28994;0.00
0.20353;-0.30092;0.00
0.20876;-0.31178;0.00
0.21427;-0.3225;0.00
0.22006;-0.33307;0.00
0.22616;-0.34347;0.00
0.23259;-0.35366;0.00
0.2394;-0.36361;0.00
0.24667;-0.37323;0.00
0.25453;-0.38236;0.00
0.26318;-0.39076;0.00
0.27284;-0.39799;0.00
0.2836;-0.40341;0.00
0.29526;-0.40643;0.00
0.3073;-0.40679;0.00
0.31918;-0.40474;0.00
0.33061;-0.40092;0.00
0.34152;-0.39581;0.00
0.35193;-0.38973;0.00
0.36187;-0.38292;0.00
0.37138;-0.37552;0.00
0.3805;-0.36764;0.00
0.38926;-0.35936;0.00
0.39769;-0.35075;0.00
0.40583;-0.34186;0.00
0.41369;-0.33273;0.00
0.42131;-0.32339;0.00
0.4287;-0.31387;0.00
0.43589;-0.30419;0.00
0.44284;-0.29435;0.00
0.4496;-0.28437;0.00
0.45618;-0.27427;0.00
0.4626;-0.26407;0.00
0.46887;-0.25378;0.00
0.47501;-0.24341;0.00
0.48103;-0.23297;0.00
0.48698;-0.22248;0.00
0.4928;-0.21193;0.00
0.49854;-0.20133;0.00
0.50415;-0.19067;0.00
0.50965;-0.17994;0.00
0.51501;-0.16914;0.00
0.5202;-0.15827;0.00
0.5252;-0.1473;0.00
0.52999;-0.13624;0.00
0.53452;-0.12507;0.00
0.5388;-0.1138;0.00
0.54274;-0.10241;0.00
0.5463;-0.0909;0.00
0.54949;-0.07928;0.00
0.55227;-0.06755;0.00
0.55457;-0.05572;0.00
0.55635;-0.0438;0.00
0.5576;-0.03181;0.00
0.5583;-0.01979;0.00
0.55846;-0.0081;0.00
0.55811;0.00324;0.00
0.55727;0.01454;0.00
0.55594;0.02579;0.00
0.55413;0.03698;0.00
0.55185;0.04808;0.00
0.54913;0.05908;0.00
0.54601;0.06997;0.00
0.5425;0.08075;0.00
0.53863;0.0914;0.00
0.53442;0.10192;0.00
0.52995;0.11234;0.00
0.52522;0.12263;0.00
0.52023;0.13281;0.00
0.51504;0.14288;0.00
0.50964;0.15285;0.00
0.50406;0.16271;0.00
0.49833;0.17249;0.00
0.49245;0.18217;0.00
0.48642;0.19177;0.00
0.48027;0.20129;0.00
0.47397;0.21071;0.00
0.46753;0.22004;0.00
0.46095;0.22926;0.00
0.45421;0.23837;0.00
0.44731;0.24736;0.00
0.44022;0.2562;0.00
0.43293;0.26488;0.00
0.42543;0.27338;0.00
0.41769;0.28165;0.00
0.40969;0.28968;0.00
0.40143;0.29744;0.00
0.39289;0.30489;0.00
0.38404;0.31196;0.00
0.37485;0.31859;0.00
0.3653;0.32469;0.00
0.35537;0.33014;0.00
0.34505;0.33483;0.00
0.33436;0.33858;0.00
0.32334;0.3412;0.00
0.31208;0.34246;0.00
0.30076;0.34215;0.00
0.28961;0.34018;0.00
0.27887;0.3366;0.00
0.26871;0.3316;0.00
0.25921;0.32544;0.00
0.25038;0.31835;0.00
0.24216;0.31054;0.00
0.23451;0.30218;0.00
0.22737;0.29339;0.00
0.22069;0.28423;0.00
0.21442;0.27479;0.00
0.20855;0.2651;0.00
0.20304;0.2552;0.00
0.19786;0.24512;0.00
0.19301;0.23487;0.00
0.18844;0.22451;0.00
0.18415;0.21402;0.00
0.18013;0.20342;0.00
0.17639;0.19272;0.00
0.17291;0.18194;0.00
0.16968;0.17107;0.00
0.16669;0.16014;0.00
0.16393;0.14915;0.00
0.16136;0.13811;0.00
0.15901;0.12703;0.00
0.15688;0.1159;0.00
0.15495;0.10473;0.00
0.15322;0.09353;0.00
0.15167;0.0823;0.00
0.15031;0.07105;0.00
0.14912;0.05978;0.00
0.14809;0.0485;0.00
0.14722;0.0372;0.00
0.1465;0.02589;0.00
0.14596;0.01457;0.00
0.14559;0.00324;0.00
0.14542;-0.00809;0.00
0.13945;-0.01994;8.6302E10
0.13958;-0.03229;0.00
0.13995;-0.04464;0.00
0.14052;-0.05699;0.00
0.14127;-0.06932;0.00
0.14216;-0.08165;0.00
0.14322;-0.09396;0.00
0.14445;-0.10625;0.00
0.14588;-0.11853;0.00
0.1475;-0.13078;0.00
0.14932;-0.143;0.00
0.15137;-0.15519;0.00
0.15364;-0.16733;0.00
0.15609;-0.17945;0.00
0.15871;-0.19152;0.00
0.16154;-0.20355;0.00
0.16461;-0.21552;0.00
0.16792;-0.22743;0.00
0.17144;-0.23927;0.00
0.17515;-0.25106;0.00
0.1791;-0.26277;0.00
0.18328;-0.2744;0.00
0.18765;-0.28595;0.00
0.19224;-0.29743;0.00
0.19706;-0.3088;0.00
0.2021;-0.32009;0.00
0.20737;-0.33126;0.00
0.21282;-0.34235;0.00
0.2185;-0.35333;0.00
0.22434;-0.36421;0.00
0.23034;-0.375;0.00
0.2366;-0.38564;0.00
0.24317;-0.39609;0.00
0.25014;-0.40625;0.00
0.25768;-0.41597;0.00
0.26614;-0.42485;0.00
0.27619;-0.43169;0.00
0.28803;-0.43454;0.00
0.30027;-0.43308;0.00
0.312;-0.42934;0.00
0.32318;-0.42416;0.00
0.33387;-0.418;0.00
0.34417;-0.41119;0.00
0.35406;-0.40378;0.00
0.36358;-0.39592;0.00
0.37277;-0.38765;0.00
0.38162;-0.37903;0.00
0.39016;-0.37011;0.00
0.39843;-0.36092;0.00
0.40644;-0.35152;0.00
0.41422;-0.34191;0.00
0.42177;-0.33213;0.00
0.42913;-0.3222;0.00
0.43629;-0.31213;0.00
0.44326;-0.30193;0.00
0.45003;-0.29159;0.00
0.45663;-0.28115;0.00
0.46308;-0.27061;0.00
0.4694;-0.25999;0.00
0.47558;-0.24928;0.00
0.48166;-0.23853;0.00
0.48766;-0.22773;0.00
0.49357;-0.21687;0.00
0.49939;-0.20597;0.00
0.50511;-0.19502;0.00
0.51072;-0.18401;0.00
0.51621;-0.17294;0.00
0.52153;-0.16178;0.00
0.52668;-0.15055;0.00
0.53162;-0.13922;0.00
0.5363;-0.12779;0.00
0.54074;-0.11625;0.00
0.54483;-0.10459;0.00
0.54853;-0.09281;0.00
0.55185;-0.0809;0.00
0.55475;-0.06889;0.00
0.55715;-0.05677;0.00
0.559;-0.04455;0.00
0.56031;-0.03226;0.00
0.56104;-0.01994;0.00
0.56121;-0.00807;0.00
0.56086;0.00334;0.00
0.56001;0.01469;0.00
0.55868;0.02601;0.00
0.55686;0.03725;0.00
0.55459;0.04842;0.00
0.55185;0.05948;0.00
0.54871;0.07043;0.00
0.54519;0.08127;0.00
0.54131;0.09198;0.00
0.53708;0.10256;0.00
0.5326;0.11304;0.00
0.52786;0.1234;0.00
0.52288;0.13365;0.00
0.51769;0.14379;0.00
0.5123;0.15383;0.00
0.50674;0.16378;0.00
0.50103;0.17364;0.00
0.49519;0.18342;0.00
0.48921;0.19312;0.00
0.48311;0.20274;0.00
0.47688;0.21228;0.00
0.47053;0.22175;0.00
0.46404;0.23111;0.00
0.45742;0.24039;0.00
0.45065;0.24955;0.00
0.44371;0.25859;0.00
0.43659;0.26749;0.00
0.42928;0.27622;0.00
0.42175;0.28478;0.00
0.41398;0.29311;0.00
0.40598;0.30122;0.00
0.39774;0.30909;0.00
0.38922;0.31665;0.00
0.38039;0.32385;0.00
0.37122;0.33061;0.00
0.36171;0.33689;0.00
0.35184;0.34256;0.00
0.34157;0.3475;0.00
0.33091;0.35151;0.00
0.31991;0.35445;0.00
0.30863;0.35602;0.00
0.29724;0.35594;0.00
0.28602;0.35406;0.00
0.27524;0.35043;0.00
0.26508;0.34528;0.00
0.25564;0.33892;0.00
0.24689;0.33164;0.00
0.23877;0.32364;0.00
0.23121;0.31512;0.00
0.22414;0.30619;0.00
0.2175;0.29693;0.00
0.21127;0.28739;0.00
0.20539;0.27763;0.00
0.19985;0.26767;0.00
0.19464;0.25754;0.00
0.18976;0.24725;0.00
0.18516;0.23682;0.00
0.18079;0.2263;0.00
0.17669;0.21567;0.00
0.17284;0.20494;0.00
0.16925;0.19413;0.00
0.16592;0.18323;0.00
0.16283;0.17227;0.00
0.15997;0.16124;0.00
0.15731;0.15016;0.00
0.15484;0.13903;0.00
0.15257;0.12787;0.00
0.15051;0.11666;0.00
0.14866;0.10542;0.00
0.147;0.09414;0.00
0.14552;0.08285;0.00
0.14421;0.07153;0.00
0.14307;0.06019;0.00
0.14208;0.04884;0.00
0.14123;0.03748;0.00
0.14052;0.0261;0.00
0.13999;0.01472;0.00
0.13963;0.00333;0.00
0.13947;-0.00806;0.00
